书名,作者,出版社,ISBN,出版年,分类号,索书号,记录ID
海盗王的管理哲学,叶子,外文出版社,978-7-119-06396-6,2010,F270-49,F270-49/21,99994
何谓经济学,刘冠楠,中央编译出版社,978-7-5117-0315-6,2010,F0,F0/53,99977
货代作业实务,李秀华,机械工业出版社,978-7-111-21619-3,2007,F512.41,F506/2,99920
大崩盘 : 金融衍生品的灾难 : from theory to malpractice,(法)Laurent L. Jacque,电子工业出版社,978-7-121-33826-7,2018,F830.95,F830.95/3,9992
潮汕商人赚钱全凭真本事,张俊杰,石油工业出版社,978-7-5021-7110-0,2009,F715,F715/95,99853
图说经济学,黄友牛,华文出版社,978-7-5075-2582-3,2009,F0-49,F0-49/14,99767
中国式崛起（上） : 和谐发展与公共经济管理改革. 第2版,张占斌,国家行政学院出版社,978-7-80140-569-2,2011,F124,F124/37,99696
细说晋商文化. 上,朱彤,京华出版社,978-7-80724-226-0,2010,F729,F729/9,99524
TPM入门,文放怀主,广东经济出版社,978-7-80728-321-8,2006,F406.3,F406.3/2,99507
贸易的冲突 : 美国贸易政策200年,(美)道格拉斯·欧文(Douglas A. Irwin),中信出版集团股份有限公司,978-7-5217-0465-5,2019,F171.251,F171.251/2,9940
最新审计技术与管理操作实务全案,贺志东,电子工业出版社,978-7-121-35480-9,2019,F239.0,F239.0/102,9939
微信小程序运营与推广完全自学手册,王洪波,电子工业出版社,978-7-121-34145-8,2018,F713,F713/29,9938
管理会计工具与案例. 成本管理,李守武主,中国财政经济出版社,978-7-5095-8163-6,2018,F234.3,F234.3/76,9937
全球财经视野 : 2017国际财经周记,周强武主,中国财政经济出版社,978-7-5095-8145-2,2018,F113,F113/9,9936
房地产经济专业知识与实务. 初级,柴强主,中国人事出版社,978-7-80189-724-4,2008,F293.30,F293.30/9,99320
森林资源弱市场化流转研究,曾华锋，聂影,中国林业出版社,978-7-5038-5457-6,2009,F326.2,F326.2/2,99267
中国木材产业竞争力研究,宋维明,中国林业出版社,978-7-5038-5708-9,2009,F426.88,F426.88/3,99266
中国对外投资项目案例分析 : 中国进出口银行海外投资项目精选,戴春宁主,清华大学出版社,978-7-302-19319-7,2009,F832.33,F832.33/11,99139
巴菲特的投资秘诀,毛定娟,光明日报出版社,978-7-5112-1102-6,2011,F837.125,F837.124.8/28,99003
影视广告策划与创作,王诗文主,中国广播电视出版社,978-7-5043-5785-4,2009,F713.80,F713.80/26,99002
科特勒的营销秘诀,邢群麟,光明日报出版社,978-7-5112-1104-0,2011,F713.50,F713.50/186,98989
中国木材产业竞争力研究,宋维明,中国林业出版社,978-7-5038-5708-9,2009,F426.88,F426.88/3,98987
细说晋商文化. 上,朱彤,京华出版社,978-7-80724-226-0,2008,F729,F729/11,98957
一本书读通营销学,翟文明译,光明日报出版社,978-7-5112-1135-4,2011,F713.50,F713.50/184,98932
绝对富不起来的80后,西蒙,时代文艺出版社,978-7-5387-3203-0,2010,F830.59,F830.59/38,98899
如何说，员工才会听，怎么带，员工才愿干,付燕君,成都地图出版社,978-7-5557-1078-3,2018,F272.92,F272.92/620,9888
中国木材产业资源基础研究,印中华，宋维明,中国林业出版社,978-7-5038-5452-1,2009,F426.88,F426.88/2,98838
中国式崛起 : 和谐发展与公共经济管理改革,张占斌,国家行政学院出版社,978-7-80140-569-2,2007,F124,F124/3,98696
小农户参与可持续土地利用决策比较研究,何格，(埃塞)阿布勒姆·特泽拉·格塞斯,经济管理出版社,978-7-5096-6758-3,2019,F321.1,F321.1/40,9868
货代作业实务,李秀华,机械工业出版社,978-7-111-21619-3,2007,F512.41,F512.41/1,98675
2009质量专业基础知识与实务（初级）. 初级,全国质量专业技术人员职业资格考试办公室组织写,中国人事出版社,978-7-80189-801-2,2009,F273.2,F273.2/76,98566
环北部湾物流业与石化产业的协调发展实证研究,唐连生,中国时代经济出版社,978-7-5119-2860-3,2019,F426.22,F426.22/39,9853
可再生能源电力价格形成机制研究,时璟丽,化学工业出版社,978-7-122-03707-7,2008,F426.61,F426.61/11,98479
细节管理10堂执行课,王唤明,吉林大学出版社,978-7-5601-5539-5,2010,F270,F270/100,98451
永远买不起房的80后,西蒙,时代文艺出版社,978-7-5387-3184-2,2010,F830.59,F830.59-49/39,98450
影响人一生的100个财富寓言. 2版,翟文明,光明日报出版社,978-7-80145-985-5,2010,F715-49,F715-49/27,98448
影响人一生的100个营销寓言,陈志刚,光明日报出版社,978-7-80145-964-0,2010,F713.50-49,F713.50-49/1,98446
再生资源理论政策及其应用. 1,李祝平,青海人民出版社,978-7-225-03803-2,2011,F426.2,F426.2/13,98383
基础会计. 3版,樊行健主,电子工业出版社,978-7-04-023350-6,2007,F230,F230/2,98362
个人与团队管理. 上册. 第2版,"(英) Karen Holems, Corinne Leech等",清华大学出版社,978-7-302-18755-4,2008,F272.9,F272.9/51,98341
基础会计. 3版,樊行健主,电子工业出版社,978-7-04-023350-6,2007,F230,F230/2,98339
影视广告策划与创作,王诗文主,中央广播电视出版社,978-7-5043-5785-4,2009,F713.80,F713.80/26,98333
森林资源弱市场化流转研究,曾华锋，聂影,中国林业出版社,978-7-5038-5457-6,2009,F326.2,F326.2/2,98330
中国对外投资项目案例分析 : 中国进出口银行海外投资项目精选,戴春宁主,清华大学出版社,978-7-302-19319-7,2009,F832.33,F832.33/11,98324
森林资源弱市场化流转研究,曾华锋，聂影,中国林业出版社,978-7-5038-5457-6,2009,F326.2,F326.2/2,98322
影视广告策划与创作,王诗文主,中央广播电视出版社,978-7-5043-5785-4,2009,F713.80,F713.80/26,98321
"应试指南经济法基础. 应试指南, 经济法基础","中华会计网校,叶青,游文丽主",人民出版社,978-7-01-007528-0,2009,F23,F23/67,98311
可再生能源电力价格形成机制研究,时璟丽,化学工业出版社,978-7-122-03707-7,2008,F426.61,F426.61/11,98293
林业企业实施森林认证的动力机制研究,黄晓玲,中国农业出版社,978-7-109-13667-0,2009,F307.26,F307.26/1,98288
质量专业基础知识与实务 初级. 初级,全国质量专业技术人员职业资格考试办公室组织写,中国人事出版社,978-7-80189-801-2,2009,F273.2,F273.2/71,98242
中国进出口贸易分析与预测,郑桂环等,科学出版社,978-7-03-026010-9,2010,F752.6,F752.6/6,98235
中国木材产业资源基础研究,印中华，宋维明,中国林业出版社,978-7-5038-5452-1,2009,F426.88,F426.88/2,98219
中国木材产业竞争力研究,宋维明,中国林业出版社,978-7-5038-5708-9,2009,F426.88,F426.88/3,98177
中国木材产业竞争力研究,宋维明,中国林业出版社,978-7-5038-5708-9,2009,F426.88,F426.88/3,98172
质量专业基础知识与实务. 初级,全国质量专业技术人员职业资格考试办公室组织写,中国人事出版社,978-7-80189-801-2,2009,F273.2,F273.2/71,98154
新编物流英语教程,王艳萍，束金龙主,九州出版社,978-7-5108-0976-7,2011,F252,F252/103,98088
决战 : 新华信管理咨询的观点,赵民,人民邮电出版社,7-115-12178-8,2004,F270,F270/351,98086
综合性制度创新 : 农村税费改革的必由之路,骆惠宁,人民出版社,7-01-004297-7,2004,F812.422,F812.422/18,98074
国际结算. 5版,苏宗祥，徐捷,中国金融出版社,978-7-5049-5720-7,2010,F830.73,F830.73/7,98046
中国经济发展五十年大事记 : 1949.10～1999.10,中央财经领导小组办公室,人民出版社,7-01-003102-9,1999,F129.7,F129.7/1,98043
广东专业镇 : 中小企业集群的技术创新与生态化,吴国林主,人民出版社,7-01-005708-7,2006,F279.243,F279.243/14,98042
深入贯彻落实科学发展观加快经济发展方式转变学习问答 : 学习胡锦涛在省部级主要领导干部专题研讨班上的重要讲话精神,本书写组[],华文出版社,978-7-5075-3088-9,2010,F124,F124/30,98041
全球顶级企业通用的9种财务管理方法,宿春礼等主,光明日报出版社,7-80145-777-3,2003,F275,F275/118,98038
县域科学发展方法论,阎刚平,中共中央党校出版社,978-7-5035-3992-3,2009,F127,F127/12,98034
高超的客户服务,"(美)罗恩·卡尔(RonKarr), (美)唐·布洛霍瓦科(DonBlohowiak)",辽宁教育出版社,7-5382-5522-2,1999,F274,F274/168,98033
"世界资源报告. 2000～2001, 人与生态系统——正在破碎的生命之网",联合国开发计划署等[],中国环境科学出版社,7-80163-298-2,2002,F119.9,F119.9/2,98012
高级财务会计,孙灿明，李宇飞主,中国人民公安大学出版社,7-81087-060-2,2002,F234.4,F234.4/72,97988
2006中国房地产市场展望,沈大风主,中国市场出版社,978-7-5092-0003-2,2006,F299.233.5,F299.233/29,97944
管理信息系统 : 管理数学化公司 : managing the digital firm. 影印版,"Kenneth C. Laudon, Jane P. Laudon",高等教育出版社,978-7-04-023966-9,2008,F270.7,F270.7/68,97931
全面建设小康社会文库. 3,张鸣主,中央民族大学出版社,7-81056-741-1,2002,F124.7,F124.7/3:3,97903
全面建设小康社会文库. 4,张鸣主,中央民族大学出版社,7-81056-741-1,2002,F124.7,F124.7/3:4,97902
经济与管理论文集. 2011. 2011,王澂主,中国经济出版社,978-7-5136-0801-5,2011,F20-53,F20-53/1,97896
经济学. 第2版,张嫚主,经济科学出版社,978-7-5058-6119-0,2007,F0,F0/17,97876
中国基民手册,徐春主,中国市场出版社,978-7-5092-0213-5,2007,F830.59,F830.59/115,97875
股票软件纵览,蔡建勇,科学普及出版社,7-110-03594-8,1999,F830.91,F830.91/235,97872
旅游科研课题成果精选. 续编,国家旅游局,中国旅游出版社,978-7-5032-3795-9,2009,F592.3,F592.3/6,97871
中国企业家价值报告. 2004,上海荣正投资咨询有限公司，北京荣正智源管理咨询有限责任公司,百家出版社,7-80661-955-0,2004,F279.246,F279.246/30,97870
经济学. 第2版,张嫚主,经济科学出版社,978-7-5058-6119-0,2007,F0,F0/15,97869
股票软件纵览,蔡建勇,科学普及出版社,7-110-03594-8,1999,F830.91,F830.91/235,97866
企业所得税纳税调整与申报操作实务 : 新纳税申报表培训讲义,郭洪荣，陈云主,中国市场出版社,978-7-5092-0200-5,2007,F812.424,F812.424/28,97865
小企业会计制度及相关法规应用指南,许太谊主,中国市场出版社,7-80155-762-X,2004,F279.243,F279.243/15,97862
中国旅游交通博览 : 2009版,黄金山主,中国旅游出版社,978-7-5032-3789-8,2009,F592,F592/3,97860
企业所得税疑难问题解析,辛连珠主,人民出版社,978-7-01-006021-7,2007,F812.424,F812.424/27,97859
中国税收制度 : 2004年版,朱振民等主,企业管理出版社,7-80197-097-7,2004,F812.422,F812.422/21,97854
小企业会计制度及相关法规应用指南,许太谊主,中国市场出版社,7-80155-762-X,2004,F279.243,F279.243/15,97852
中国基金投资指南,徐春主,中国市场出版社,978-7-5092-0214-2,2007,F832.51,F832.51/98,97850
小企业会计制度及相关法规应用指南,许太谊主,中国市场出版社,7-80155-762-X,2004,F279.243,F279.243/15,97849
服务业国际通用管理标准全程实施方案. 上,安维洲,中国标准出版社,7-5066-3248-9,2003,F719-65,F719-65/2:1,97840
企业所得税疑难问题解析,辛连珠主,人民出版社,978-7-01-006021-7,2007,F812.424,F812.424/27,97833
小企业会计制度及相关法规应用指南,许太谊主,中国市场出版社,7-80155-762-X,2004,F279.243,F279.243/15,97832
顶级. 香水·化妆品,叶轻舟,北京工业大学出版社,978-7-5639-1832-4,2007,F76,F76/15,97815
中国医疗器械科技创新与产业竞争力国际比较,中国生物技术发展中心组织写,科学出版社,978-7-03-029735-8,2010,F426.7,F426.7/9,97812
商务统计 : 英文版. 影印版,(美)戴维·F. 格罗布纳(David F. Groebner)[等],机械工业出版社,978-7-111-20560-9,2007,F712.3,F712.3/8,97811
东北咋整 : 东北问题报告,宁一，冬宁,当代世界出版社,7-80115-759-1,2004,F127.3,F127.3/2,97786
股市投资速查手册 : 新股民版,博金理财工作室,机械工业出版社,978-7-111-36384-2,2012,F830.91,F830.91/234,97759
物流经营管理 : 理论、案例、制度、实务. 修订版,赵涛主,北京工业大学出版社,978-7-5639-1242-1,2006,F252,F252/93,97741
管理者胜任素质发展手册,严正，丁健雄,机械工业出版社,978-7-111-36127-5,2012,F272.91,F272.91/75,97738
人力资源开发与管理. 2版,赵曼，陈全明主,中国劳动社会保障出版社,978-7-5045-6318-7,2007,F241,F241/64,97737
生活中的经济学,朱广平,光明日报出版社,978-7-5112-1875-9,2012,F0-49,F0-49/42,97736
营销批判,(英)杜雷顿·勃德(Drayton Bird),海南出版社,978-7-80700-155-3,2008,F713.50,F713.50/169,97721
世界500强企业品牌创新之道 : 创新·销售·顾客,"主金鸣, 张敏",北京出版社,7-200-06330-4,2006,F279.1,F279.1/57,97720
竞争战略,(美)迈克尔·波特(Michael E. Porter),华夏出版社,978-7-5080-3509-3,2005,F274,F274/164,97719
高超的客户服务,"(美)罗恩·卡尔(RonKarr), (美)唐·布洛霍瓦科(DonBlohowiak)",辽宁教育出版社,7-5382-5522-2,1999,F274,F274/168,97718
房地产市场调研推广与定价策略,杨成贤,经济科学出版社,978-7-5058-7212-7,2008,F293.35,F293.35/27,97711
中国产业集群. 第7辑,顾强主,机械工业出版社,978-7-111-23622-1,2008,F424.4,F424.4/1,97710
不花钱的员工激励12法,席宗龙,机械工业出版社,978-7-111-37177-9,2012,F272.92,F272.92/222,97705
中国总经理工作手册. 质量手册,刘伟，刘国宁主笔,中国言实出版社,7-80128-498-4,2003,F279.23,F279.23/2,97697
按技术分配 : 理论与实践,刘海生,中国财政经济出版社,7-5005-8893-3,2006,F062.4,F062.4/13,97689
新丝绸之路 : 跨国公司老板眼中的中国市场,"( )约翰·史塔德,张江波",中国对外经济贸易出版社,7-80004-854-3,2000,F279.1,F279.1/55,97685
铁军执行力,高岩,机械工业出版社,978-7-111-27996-9,2009,F270,F270/348,97671
产业集群 : 获取竞争优势的空间 : the space of gaining a competitive advantage,张元智，马鸣萧,华夏出版社,978-7-5080-4071-4,2006,F062.9,F062.9/8,97650
正步走 齐步走 : 打造优秀员工与完美团队的关键八步,路军，王亚军,企业管理出版社,978-7-80255-312-5,2009,F272.92,F272.92/192,97646
县域科学发展方法论,阎刚平,中共中央党校出版社,978-7-5035-3992-3,2009,F127,F127/12,97638
第1次开餐馆就上手,刘加福,中国纺织出版社,7-5064-3700-7,2006,F719.3,F719.3/42,97627
双重视角下的西北民族地区经济发展问题研究,滕堂伟,人民出版社,978-7-01-007095-7,2008,F127.4,F127.4/10,97622
企业会计准则——租凭,中华人民共和国财政部制定,中国财政经济出版社,978-7-5005-5101-0,2001,F275.2,F275.2/55,97618
决策的陷阱 : 对美国著名决策理念和技巧的阐释,(美)R.A.罗宾斯(Richard A.Robbins),吉林文史出版社,7-80702-013-X,2004,F272.3,F272.3/19,97617
经济基础知识/运输经济(水路)专业知识与实务辅导. 中级,本书写组写,中国人事出版社,978-7-80189-478-6,2006,F0,F0/112,97610
现代酒店管理信息系统,牛越胜,广东旅游出版社,978-7-80653-548-6,2004,F719.2-39,F719.2-39/3,97609
企业纳税实务与会计处理,宋云,中国市场出版社,978-7-5092-0399-6,2008,F812.423,F812.423/54,97605
利息理论及其应用,刘明亮，邓庆彪主,中国金融出版社,978-7-5049-4301-9,2007,F032.2,F032.2/1,97601
企业会计准则——租凭,中华人民共和国财政部制定,中国财政经济出版社,978-7-5005-5101-0,2001,F275.2,F275.2/55,97597
企业培训师培训教材,赵金亭，李书标，王振全,中国水利水电出版社,978-7-5084-7513-4,2010,F272.92,F272.92/218,97594
实用征信知识手册,中国人民银行广州分行,中国金融出版社,978-7-5049-5706-1,2011,F832.4,F832.4/13,97593
商业银行会计学,"韩俊梅, 吕德勇主",中国金融出版社,978-7-5049-4505-1,2008,F830.42,F830.42/12,97591
说东道西 : 经济学理性视角,郭梓林,机械工业出版社,978-7-111-27285-4,2009,F0-53,F0-53/11,97589
2005年中国商务发展研究报告,商务部国际贸易经济合作研究院,中国商务出版社,7-80181-405-3,2005,F752,F752/6,97586
新编做账入门1本通,王树主,中国纺织出版社,978-7-5064-5034-8,2009,F231,F231/7,97576
工商信息化手册,国家工商行政管理总局信息中心写,中国工商出版社,978-7-80215-149-9,2007,F203.9,F203.9/26,97569
现代企业人力资源管理导论,郑晓明,机械工业出版社,7-111-09989-3,2002,F272.92,F272.92/217,97568
巴菲特的8堂投资课 : 当代最伟大的投资者智慧妙语,刘建位,民主与建设出版社,978-7-80112-676-4,2005,F837.125,F837.125/25,97562
企业会计制度实务指南 : 方法与案例. 下. 第2版,陈永凤,中国国际广播出版社,7-5078-2055-6,2003,F275.2,F275.2/54:2,97559
现代多式联运的发展及其经济组织,王杨堃,经济科学出版社,978-7-5141-9891-1,2018,F511.4,F511.4/2,9754
走向后奥运时代的中国经济,朱大鸣,武汉大学出版社,978-7-307-06628-1,2008,F124,F124/31,97538
顶尖保险业务员速成手册 : 30天打造保险冠军业务员,杨泽宇,中国商业出版社,7-5044-5209-2,2004,F840.4,F840.4/3,97523
高质量变革. 中国100家优秀上市公司之新兴成长篇,何伟主,机械工业出版社,978-7-111-62336-6,2019,F279,F279/18,9752
完美客户服务成就卓越,(美)马克·大卫·琼斯(Mark David Jones)，(美)J.杰夫·科伯(J.Jeff Kober),机械工业出版社,978-7-111-33226-8,2011,F274,F274/163,97515
服务业国际通用管理标准全程实施方案. 上,安维洲,中国标准出版社,7-5066-3248-9,2003,F719-65,F719-65/2:1,97511
合谋与公司治理 : 对公司治理中一个政治经济问题的理论考察,董志强,经济科学出版社,978-7-5058-8363-5,2009,F276.6,F276.6/77,97509
中国木材产业资源基础研究,印中华，宋维明,中国林业出版社,978-7-5038-5452-1,2009,F426.88,F426.88/2,97508
统计基础知识习题与实训. 3版,钟新联，师应来主,中国财政经济出版社,978-7-5095-2970-6,2011,C8-44,C8-44/4,97504
中国交通文化概说,叶持跃，黄伟,机械工业出版社,978-7-111-36037-7,2012,F512.9,F512.9/3,97493
导购 让销量飞,逸马连锁标准化执行辅导中心主,机械工业出版社,978-7-111-37010-9,2012,F713.3,F713.3/110,97492
会计学,陆正飞，黄慧馨，李琦,北京大学出版社,978-7-301-09994-0,2007,F230,F230/182,97481
广州与亚洲,王晓玲主,广州出版社,978-7-5462-0307-2,2010,F129,F129/4,97478
中国银行业前瞻性研究 : 中国工商银行博士后报告集. 2010,詹向阳主,中国金融出版社,978-7-5049-5718-4,2010,F832.33,F832.33/12,97474
系统的投资理念解析 : 世界著名金融投资家的经历及其方略,田政主,中国建材工业出版社,7-80159-637-4,2004,F831.5,F831.5/4,97470
中国金融四十人看四十年,陈元，黄益平主,中信出版集团股份有限公司,978-7-5086-9385-9,2018,F832.97,F832.97/1,9747
企业运营与发展. 2版,汪秀英，徐岩,中央广播电视大学出版社,978-7-304-03821-2,2007,F270,F270/339,97462
MBA联考同步复习指导系列 : [2008版]. 写作分册. 第6版,赵鑫全,机械工业出版社,978-7-111-10745-3,2007,F203.9,F203.9/25,97458
MBA联考同步复习指导系列. 写作分册 : 2009版. 7版,赵鑫全,机械工业出版社,978-7-111-10745-3,2008,F203.9,F203.9/24,97457
项目融资,杨开明主,经济管理出版社,978-7-5096-0982-8,2010,F830.45,F830.45/13,97442
我国枢纽经济发展理论与实践,"吴文化,向爱兵,毛科俊等",经济科学出版社,978-7-5218-0638-0,2019,F512.3,F512.3/8,9744
"入世后中国企业实务操作手册. 第一辑, 如何应对贸易技术壁垒",李志军,民主与建设出版社,7-80112-479-0,2002,F743,F743/39,97426
新股淘金与炒股绝技,李闻,地震出版社,7-5028-2252-6,2003,F832.51,F832.51/96,97423
现代酒店市场营销,郑红,广东旅游出版社,978-7-80653-508-0,2004,F719.2,F719.2/57,97417
推销心理学全集,何国松主,吉林大学出版社,978-7-5601-5123-6,2010,F713.55,F713.55/26,97411
循环经济集成理论与方法,任一鑫，于晓燕，王志远,经济科学出版社,978-7-5141-9808-9,2019,F124.5,F124.5/25,9741
老板这边 员工那边 : 组织内老板与员工的57个博弈点,袁岳，孙虹钢对话,中华工商联合出版社,978-7-80193-254-9,2005,F272.92,F272.92/215,97407
小企业会计制度. 第1版,中华人民共和国财政部,中国财政经济出版社,7-5005-7255-7,2011,F279.243,F279.243/13,97403
涉税理财决策,蔡昌,中国财政经济出版社,978-7-5095-2997-3,2011,F810.423,F810.423/21,97402
会计综合实训,李甫斌,武汉大学出版社,978-7-307-06428-7,2008,F230,F230/181,97400
审计学,周建仁，黄胜华主,中国电力出版社,978-7-5083-9052-9,2009,F239.0,F239.0/49,97392
吉祥品牌,张述任,中国商业出版社,978-7-5044-6032-5,2007,F273.2,F273.2/56,97380
投资者. 第3辑（2018年7月),郭文英，徐明主,法律出版社,978-7-5197-2649-2,2018,F832.48,F832.48/49,9738
国际贸易理论与实务,逯宇铎，杜红梅主,对外经济贸易大学出版社,978-7-81134-977-1,2011,F740,F740/45,97371
顶级. 香水·化妆品,叶轻舟,北京工业大学出版社,978-7-5639-1832-4,2007,F76,F76/15,97370
煤炭企业安全投资保障机制研究,杨光，梁美健,经济管理出版社,978-7-5096-1098-5,2010,F426.21,F426.21/4,97361
制胜写字楼 : 私人投资全攻略,丁祖昱主,机械工业出版社,978-7-111-32826-1,2011,F293.35,F293.35/30,97360
原产地规则与CEPA实用知识手册,田自安，惠泽华，方明辉,中国海关出版社,978-7-80165-335-2,2006,F760.6,F760.6/4,97358
中国财税理论前沿问题研究 : 2002版,崔满红主,中国财政经济出版社,7-5005-6213-6,2002,F812.2,F812.2/8,97352
"中国企业家成长与发展报告. 下, 1993-2003优秀文集",中国企业家调查系统,经济科学出版社,978-7-5058-3749-2,2003,F279.23,F279.23/150:2,97351
亚太地区发展报告. 2009. 2009,张宇燕主,社会科学文献出版社,978-7-5097-0740-1,2009,F114.46,F114.46/6,97350
税务会计与合理有效避税实务,侯立新,企业管理出版社,978-7-80197-514-0,2006,F812.42,F812.42/11,97349
看盘与操盘技巧,夏俊,海南出版社,978-7-5443-2020-7,2007,F830.91,F830.91/209,97348
保荐代表人胜任能力知识点辅导,《保荐代表人胜任能力知识点辅导》写组,中国财政经济出版社,978-7-5095-2840-2,2011,F830.91,F830.91/231,97347
基础国际财务管理,李宏志,中国税务出版社,978-7-80117-724-7,2005,F811.2,F811.2/5,97345
投资学精要,(美)兹维·博迪(Zvi Bodie)等,中国人民大学出版社,978-7-300-04484-2,2003,F830.59,F830.59/49,97344
中国企业(公司)最新管理知识手册,樊钢，贾世晟主,中国言实出版社,978-7-80128-573-7,2004,F279.23,F279.23/149,97338
SAP最佳业务实践,王天扬[等],东方出版社,978-7-5060-2330-6,2005,F270.7,F270.7/63,97335
全面建设小康社会文库. 5,张鸣主,中央民族大学出版社,7-81056-741-1,2002,F124.7,F124.7/3:5,97333
全面建设小康社会文库. 6,张鸣主,中央民族大学出版社,7-81056-741-1,2002,F124.7,F124.7/3:6,97332
中华人民共和国海关进出口商品规范申报目录 : 2009年版,海关总署关税征管司,中国海关出版社,978-7-80165-592-9,2009,F752.65,F752.65/5,97331
中国电力供需分析报告. 2019,国网能源研究院有限公司,中国电力出版社,978-7-5198-3326-8,2019,F426.61,F426.61/81,9733
寿险会计. 上 : 2001,国际保险会计与系统协会,中国财政经济出版社,7-5005-7118-6,2004,F840.62,F840.62/2:1,97328
现代企业经营管理,韩伟，陈冬梅主,化学工业出版社,978-7-122-05622-1,2009,F270,F270/64,97314
证券投资理论与实务,杨立功主,中国人民大学出版社,978-7-300-12136-9,2010,F830.91,F830.91/25,97313
大运营 : 房地产运营管理体系3.0,赛普管理咨询,中信出版社,978-7-5217-0080-0,2019,F299,F299/7,9731
物流系统仿真,"张晓萍, 石伟, 刘玉坤主",清华大学出版社,978-7-302-17042-6,2008,F253.9,F253.9/3,97299
公司概论,刘美玉主,中央广播电视大学出版社,978-7-304-02261-7,2007,F276.6,F276.6/76,97298
商务礼仪,金正昆,北京大学出版社,978-7-301-09368-9,2005,F718,F718/27,97290
和谐电力 : 理论与实践,和谐电力论坛组织委员会,新华出版社,978-7-5011-7955-8,2007,F426.61-53,F426.61-53/4,97269
二手房销售实战技能速成,余源鹏主,化学工业出版社,978-7-122-30854-2,2018,F293.3,F293.3/29,9725
客户服务主管财务一点通,代义国,机械工业出版社,978-7-111-28678-3,2010,F275,F275/108,97249
市场采购理论与实务,徐杰等主,中国铁道出版社,7-113-04116-7,2001,F713.2,F713.2/2,97240
成就卓越的培训经理,"张诗信, 秦俐",机械工业出版社,978-7-111-35131-3,2011,F272.92,F272.92/213,97239
90招助你快速成为最受欢迎的员工,李慧娟,机械工业出版社,978-7-111-37176-2,2012,F272.921,F272.921/8,97236
"下一站,繁荣 : 中国汽车全产业链投资价值洞察",贾广宏[等],电子工业出版社,978-7-121-36314-6,2019,F426,F426/16,9723
混业“涅槃” : 中国证券业的战略抉择与制度安排,郄永忠,企业管理出版社,7-80197-203-1,2005,F832.51,F832.51/97,97227
新股淘金与炒股绝技,李闻,地震出版社,7-5028-2252-6,2003,F832.51,F832.51/96,97226
一胜九败 : 优衣库风靡全球的秘密,(日)柳井正,中信出版社,978-7-5086-2521-8,2011,F717.5,F717.5/13,97212
企业财务管理方法与实务,王军辉,中国市场出版社,978-7-5092-0357-6,2008,F275,F275/103,97194
成本会计,卢静，任立乾，彭燕主,机械工业出版社,978-7-111-32840-7,2011,F234.2,F234.2/39,97192
房地产市场调研推广与定价策略,杨成贤,经济科学出版社,978-7-5058-7212-7,2008,F293.35,F293.35/27,97183
日本的底力,徐静波,华文出版社,978-7-5075-5041-2,2019,F279.3,F279.3/2,9718
店铺盈利生金模式 : 用明天的观念赚今天的钱,金克言，朱丹,机械工业出版社,978-7-111-36680-5,2012,F717.5,F717.5/10,97175
电子商务基础 : 电子商务员级,于鹏主,电子工业出版社,7-5053-8964-5,2003,F713.36,F713.36/160,97174
市场营销学教程,侯雁主,机械工业出版社,978-7-111-22082-4,2007,F713.50,F713.50/17,97152
寿险公司内部控制建设与监管,陈文辉主,人民出版社,7-01-005291-3,2005,F842.62,F842.62/7,97150
企业行政办公国际化管理系统,企业行政办公国际化管理课题组,光明日报出版社,978-7-80145-675-5,2003,F276.7,F276.7/15,97149
企业行政办公国际化管理方法,企业行政办公国际化管理课题组,光明日报出版社,978-7-80145-675-5,2003,F276.7,F276.7/13,97148
企业行政办公国际化管理模式,企业行政办公国际化管理课题组,光明日报出版社,978-7-80145-675-5,2003,F276.7,F276.7/11,97147
企业行政办公国际化管理文案,企业行政办公国际化管理课题组,光明日报出版社,978-7-80145-675-5,2003,F276.7,F276.7/12,97146
企业行政办公国际化管理制度,企业行政办公国际化管理课题组,光明日报出版社,978-7-80145-675-5,2003,F276.7,F276.7/14,97145
企业行政办公国际化管理表格,企业行政办公国际化管理课题组,光明日报出版社,978-7-80145-675-5,2003,F276.7-64,F276.7-64/1,97144
企业行政办公国际化管理案例,企业行政办公国际化管理课题组,光明日报出版社,978-7-80145-675-5,2003,F279.1,F279.1/47,97143
企业会计实践教程,孙永军，陈晓园主,中国铁道出版社,978-7-113-08017-4,2007,F275.2,F275.2/51,97122
加密货币与区块链所预见的世界 : 科技将为我们实现怎样的梦想,(日)栗山贤秋，(日)辻川智也，(日)铃木起史,上海财经大学出版社有限公司,978-7-5642-3324-2,2019,F713,F713/28,9712
中国基民基金操作全书,杨成贤,企业管理出版社,978-7-5634-1383-9,2007,F832.51,F832.51/95,97116
服装生产制单员岗位实训,林仁强，傅月清，胡莉虹主,高等教育出版社,978-7-04-023513-5,2008,F407.8,F407.8/2,97114
金融危机与经济法的最新发展,顾功耘主,北京大学出版社,978-7-301-17837-9,2010,F830.99,F830.99/1,97087
进出口贸易实务,李浩妍主,科学出版社,978-7-03-031358-4,2011,F740.4,F740.4/56,97082
国际结算. 2版,郭晓晶，广银芳主,科学出版社,978-7-03-031642-4,2011,F830.73,F830.73/20,97081
预算会计. 2版,孔为民，陈丽芹主,科学出版社,978-7-03-031508-3,2011,F810.6,F810.6/12,97080
管理越简单越有效 : 实战操作版,李楠,中国言实出版社,978-7-80250-359-5,2011,F270,F270/333,97079
战略执行体系构建手册,周永亮,机械工业出版社,978-7-111-30327-5,2010,F270-62,F270-62/4,97071
“供应链”遇上“物联网” : 农产品供应链的管理与优化,冷凯君，傅翰祺,东北师范大学出版社,978-7-5681-4571-8,2018,F724.72,F724.72/14,9707
跨境贸易人民币结算试点政策与实务,胡晓炼主,中国金融出版社,978-7-5049-5642-2,2010,F822.2,F822.2/2,97062
重塑思维 : 为企业瘦身 : a business manifesto for cutting costs and boosting innovation,(美)里克·麦里菲尔德(Ric Merrifield),机械工业出版社,978-7-111-29741-3,2010,F270,F270/332,97057
国际企业管理,"约翰·卡伦(John B. Cullen),普拉文·帕博蒂阿(K. Praveen Parboteeah)",中国人民大学出版社,978-7-300-24851-6,2018,F276.7,F276.7/44,9705
中国金融稳定报告. 2006,张新总纂,金融出版社,978-7-5049-4175-6,2006,F832,F832/15,97048
银行业务法律合规风险分析与控制. 上,张炜主,法律出版社,978-7-5118-1525-5,2010,F830.2,F830.2/12:1,97040
新编现代酒店星级服务培训1本通,文通主,中国纺织出版社,978-7-5064-5352-3,2009,F719.2,F719.2/38,97038
国际贸易实务. 2版,崔日明，王海兰,机械工业出版社,978-7-111-28131-3,2010,F740.4,F740.4/25,97036
初级商务葡语,"宋雅楠,卢春晖,(葡)保罗·罗德里格斯",经济科学出版社,978-7-5141-9527-9,2018,F7,F7/43,9703
上任100天 新领导行动指南,(美)乔治 B. 布拉特(George B. Bradt)，(美)杰米 A. 切克(Jayme A. Check)，(美)乔治 E. 佩德拉萨(Jorge E. Pedraza),机械工业出版社,978-7-111-37507-4,2012,F272.91,F272.91/73,97028
中国式收购,李春纲,科学出版社,978-7-03-030022-5,2011,F279.21,F279.21/14,97024
每天知道点处理客户异议技巧,张超,重庆出版社,978-7-229-03058-2,2010,F713.3,F713.3/124,97023
创业思维 : 让创业者少走弯路的方法论,杜平,企业管理出版社,978-7-5164-1826-0,2018,F272.2,F272.2/14,9702
那些有理想的人 : 为什么伟大目标能让我们做得更好,(美)罗伊·史班斯，(美)海莉·罗馨,中信出版社,978-7-5086-1737-4,2009,F270.7,F270.7/62,97009
基金投资必读全书,林岚主,中国纺织出版社,978-7-5064-4658-7,2008,F830.59,F830.59/111,97006
IECEE-CB体系文件译文集,中国质量认证中心译,机械工业出版社,978-7-111-32371-6,2011,F407.6,F407.6/2,97003
网络营销,屈云波，靳丽敏,企业管理出版社,7-80147-142-3,1999,F713.5,F713.5/3,97001
产权交易,王彪，任凤珍,中国财政经济出版社,7-5005-7722-2,2004,F121,F121/8,96992
变革 : 制造业巨头GE的数字化转型之路,(日)中田敦,机械工业出版社,978-7-111-60428-0,2018,F416.4,F416.4/4,9699
从“中国制造”到“中国智造” : 为什么要建设创新型国家,胡钰,人民出版社,978-7-01-006780-3,2008,F204-49,F204-49/1,96987
从“总量翻两番”到“人均翻两番” : 全面建设小康社会奋斗目标的新要求,韩振峰,人民出版社,978-7-01-006781-0,2008,F124.7,F124.7/7,96984
训到位 练成钢,逸马连锁标准化执行辅导中心主,机械工业出版社,978-7-111-37021-5,2012,F272.92,F272.92/212,96980
解构产品经理 : 互联网产品策划入门宝典,刘涵宇,电子工业出版社,978-7-121-33252-4,2018,F713.36,F713.36/593,9698
怎么样利用农村小额贷款,白芯主,中国财政经济出版社,978-7-5095-1708-6,2009,F832.43,F832.43/2,96979
特许经营创业,刘常宝主,科学出版社,978-7-03-030222-9,2011,F717.6,F717.6/24,96966
个人账户制改革对公共养老金制度财务可持续的影响研究,李亚军,经济科学出版社,978-7-5141-9898-0,2018,F249.21,F249.21/20,9696
文旅IP : 特色小镇IP化运营策略与落地,陈琼,经济管理出版社,978-7-5096-5801-7,2018,F590.82,F590.82/5,9695
六西格玛黑带丛书. 下卷. 2版,张驰,广东经济出版社,978-7-80677-353-6,2007,F273.2,F273.2/38:2,96939
六西格玛黑带丛书. 上卷. 2版,张驰,广东经济出版社,978-7-80677-353-6,2007,F273.2,F273.2/38:1,96938
会思考的丰田现场,(日)田中正知,机械工业出版社,978-7-111-35793-3,2012,F431.364,F431.364/9,96934
中国漂亮50 : 寻找未来增值百倍的50只金股,温元凯，张茂,北京出版社,978-7-200-08038-4,2010,F832.51,F832.51/94,96931
政府会计准则,中华人民共和国财政部制定,立信会计出版社,978-7-5429-5691-0,2018,F812.3,F812.3/22,9693
不懂沟通，你怎么带团队,夏佐,化学工业出版社,978-7-122-33527-2,2019,F272.92,F272.92/619,9692
制鞋企业管理实务,于百计，吴卫华,化学工业出版社,978-7-122-02358-2,2008,F407.86,F407.86/2,96908
短线炒股一点通. 2版,付刚,机械工业出版社,978-7-111-30837-9,2010,F830.91,F830.91/211,96904
“一带一路”背景下乌鲁木齐市沙依巴克区物流产业布局,肖忠东，马新智,电子工业出版社,978-7-121-34176-2,2018,F259,F259/1,9689
王牌总经理,马银春,中国三峡出版社,7-80099-997-1,2006,F272.91,F272.91/72,96889
企业会计实务训练教程,黄向东主,北京理工大学出版社,978-7-5640-1576-3,2008,F275.2,F275.2/50,96880
中国股份制企业股东事典,张小奇主,湖南人民出版社,7-5438-2741-7,2001,F279.246,F279.246/29,96875
非均衡性市场、管理层权力与资本配置效率,徐伟,湖北人民出版社,978-7-216-09791-8,2019,F279,F279/17,9685
个人风险管理与保险规划. 2版,北京金融培训中心，北京当代金融培训有限公司联合组织写,中信出版社,978-7-5086-1619-3,2009,F84,F84/8,96847
生产与运作管理. 2版,张群主,机械工业出版社,978-7-111-11447-5,2008,F273,F273/13,96845
事业单位绩效工资改革操作实务手册,李建民,机械工业出版社,978-7-111-29248-7,2010,F249.24,F249.24/3,96844
二十几岁，一定要懂经济学,丹阳,陕西人民出版社,978-7-224-09676-7,2011,F0-49,F0-49/40,96843
行业购买力平价的理论与实证,柏满迎，郑海涛,航空工业出版社,978-7-80243-503-2,2010,F723.3,F723.3/1,96838
城市化进程中农村集体产权制度改革,陈志新，江胜蓝,化学工业出版社,978-7-122-08696-9,2010,F321.32,F321.32/1,96829
市场营销理论与实务实训,兰炜，刘延隆主,首都经济贸易大学出版社,978-7-5638-1107-6,2010,F713.50,F713.50/176,96826
市场营销理论与实务,兰炜，刘延隆主,首都经济贸易大学出版社,978-7-5638-1107-6,2010,F713.50,F713.50/175,96825
基础会计实训指导,张学林主,首都经济贸易大学出版社,978-7-5638-1760-3,2010,F230,F230/175,96821
进出口税收优惠政策,海关总署关税征管司,中国海关出版社,7-80165-176-6,2005,F812.422,F812.422/19,96813
人力资源战略与规划,文跃然,复旦大学出版社,978-7-309-05552-8,2007,F243,F243/3,96809
经商谋略全书,潘东麟,吉林大学出版社,978-7-5601-6059-7,2010,F715-49,F715-49/44,96806
工业品渠道管理业务手册,陆和平,机械工业出版社,978-7-111-32386-0,2011,F764,F764/2,96801
用得上的商学课,路骋,中信出版集团股份有限公司,978-7-5217-0121-0,2019,F710,F710/11,9680
2010年报关员资格全国统一考试历年试题标准答案及详解,报关员资格全国统一考试辅导用书审委员会,航空工业出版社,978-7-80243-443-1,2010,F752.5,F752.5/19,96790
西方经济学解析. 微观部分,陈恳，王蕾主,高等教育出版社,7-04-013599-X,2004,F0,F0/107,96782
西方经济学解析. 宏观部分,陈恳，王蕾主,高等教育出版社,7-04-013758-5,2004,F0,F0/106,96781
形势与对策 : 中国对外经济贸易前沿问题探讨文集. 2010年,王俊文主,中国商务出版社,978-7-5103-0321-0,2010,F752-53,F752-53/1,96779
引爆员工潜能,舒庆,机械工业出版社,978-7-111-32057-9,2011,F272.92,F272.92/206,96778
当通胀来了,闵纬国,机械工业出版社,978-7-111-36942-4,2012,F822.5,F822.5/2,96776
中国新股民新基民百问百答. 基金篇 : 经典珍藏版,郭亚军,团结出版社,978-7-80214-342-5,2007,F832.51,F832.51/91,96770
网络营销,魏兆连，刘占军主,机械工业出版社,978-7-111-32014-2,2011,F713.36,F713.36/157,96763
美国商学院创新人才培养模式研究,武曙红，韩芳,高等教育出版社,978-7-04-021133-7,2011,F203.9,F203.9/21,96759
证券投资理论与市场操作,吴可,清华大学出版社,978-7-302-29014-8,2012,F830.91,F830.91/221,96758
进出口税收优惠政策,海关总署关税征管司,中国海关出版社,7-80165-176-6,2005,F812.422,F812.422/19,96756
来到博鳌的领导者,龙永图，武春河出品,清华大学出版社,978-7-302-11394-2,2005,F130.4,F130.4/1,96752
现代企业管理,胡忠任主,机械工业出版社,978-7-111-37032-1,2012,F272,F272/15,96743
最新税收优惠政策理解与运用,蔡昌，孙炜主,广东经济出版社,7-80728-272-X,2006,F812.422,F812.422/20,96731
风景名胜项目评价方法,李明哲主,中国计划出版社,978-7-80242-491-3,2010,F592.3,F592.3/3,96722
金融风险管理,(美)安东尼·桑德斯，(美)马西娅·米伦·科尼特,人民邮电出版社,978-7-115-28300-9,2012,F830.9,F830.9/56,96720
中国新股民新基民百问百答. 基金篇 : 经典珍藏版,郭亚军,团结出版社,978-7-80214-342-5,2007,F832.51,F832.51/91,96713
最伟大的投资习惯 : 成功投资的30个黄金法则,张润东主,中国纺织出版社,978-7-5064-4562-7,2007,F830.91,F830.91/220,96712
可持续竞争力 : 每周15分钟创造卓越企业 : fifteen minutes a week to a richer entrepreneurial life,(美)罗恩·卡尔森(Ron Carson)，(美)斯科特·福特(Scott Ford),电子工业出版社,978-7-121-34111-3,2018,F271.3,F271.3/1,9671
进出口税收优惠政策,海关总署关税征管司,中国海关出版社,7-80165-176-6,2005,F812.422,F812.422/19,96709
国际市场营销学. 2版,甘碧群主,高等出版社,978-7-04-018988-9,2006,F740.2,F740.2/19,96707
煤炭建设项目经济评价方法与参数,中华人民共和国住房和城乡建设部[],中国计划出版社,978-7-80242-360-2,2009,F426.21,F426.21/3,96694
保险理论与实践. 2018年第12期(总第36期),中国保险学会[],中国金融出版社,978-7-5049-9473-8,2018,F84-53,F84-53/2,9669
旅游安全知识总论,中华人民共和国国家旅游局,中国旅游出版社,978-7-5032-4256-4,2012,F590.6,F590.6/6,96687
深入贯彻科学发展观 开创财政教科文工作新局面,财政部教科文司,中国财政经济出版社,7-5005-9475-5,2006,F810,F810/34,96685
物业管理概论,杨桂芳主,石油工业出版社,978-7-5021-8335-6,2011,F293.33,F293.33/30,96683
《国务院关于严格规范城乡建设用地增减挂钩试点切实做好农村土地整治工作的通知》解读文章汇编,国土资源部耕地保护司，国土资源部规划司，国土资源部土地整理中心[],中国经济出版社,978-7-5136-0732-2,2011,F321.1-53,F321.1-53/2,96682
克鲁格曼 奥伯斯法尔德《国际经济学：理论与政策》（第八版）学习指导,琳达·戈德堡(Linda Goldberg)，迈克尔·克莱因(Michael Klein)，杰伊·香博(Jay Shambaugh),中国人民大学出版社,978-7-300-13692-9,2011,F11-0,F11-0/13,96681
天天遇见史玉柱,张勇,科学出版社,978-7-03-029047-2,2010,F715,F715/96,96680
现代物流运输系统工程,邱荣祖主,人民交通出版社,978-7-114-09339-5,2011,F252,F252/94,96672
业余股票投资者盈利策略. 下册,《投资有道》杂志社研委会,地震出版社,978-7-5028-3243-8,2008,F830.91,F830.91/219:2,96671
业余股票投资者盈利策略. 上册,《投资有道》杂志社研委会,地震出版社,978-7-5028-3239-1,2008,F830.91,F830.91/219:1,96670
与官员谈西方经济学,王东京等,广西人民出版社,7-219-03754-6,1998,F0,F0/105,96652
人力资源管理专业知识与实务. 初级,"董克用，朱勇国主,刘昕",中国人事出版社,978-7-80189-734-3,2008,F241,F241/62,96640
"2006年全国会计专业技术资格考试复习指导全书. 初级会计资格, 初级会计实务",全国会计专业技术资格考试命题研究组审,中国民主法制出版社,978-7-80219-043-6,2005,F23,F23/61,96638
中国银行业从业人员资格认证考试指导用书. 公共基础科目,刘伟，何小锋主,中国发展出版社,978-7-80087-884-8,2006,F830.4,F830.4/17,96623
不懂财务，就当不好房地产企业经理 : 房地产企业经营管理必备的财务知识与技能,段远鸿，吴晶,企业管理出版社,978-7-80255-079-7,2009,F293.33,F293.33/29,96622
中国内部审计操作实务 : 从2014年1月1日起执行. 2版,贺志东,电子工业出版社,978-7-121-37236-0,2019,F239.45,F239.45/36,9662
二手房买卖指导,常淑娟,机械工业出版社,7-111-18154-9,2006,F293.35,F293.35/25,96618
员工关系管理 : 案例、诊断、解决方案,韩智力主,广东经济出版社,978-7-80728-627-1,2007,F272.92,F272.92/204,96607
金融扶贫的实践与成效 : 以内蒙古农村牧区扶贫小额信贷为例,"祁晓慧,乔光华",经济管理出版社,978-7-5096-6723-1,2019,F832.4,F832.4/40,9660
潮汕商人赚钱全凭真本事,张俊杰,石油工业出版社,978-7-5021-7110-0,2009,F715,F715/95,96596
寻找伟大的企业,翟敬勇,广东经济出版社,978-7-80728-907-4,2008,F279.246,F279.246/27,96590
统计学基础,迟艳琴主,中国财政经济出版社,978-7-5095-2968-3,2011,C8,C8/53,96588
总经理带领私营公司做强的300个要诀,徐宪江,北京工业大学出版社,978-7-5639-2361-8,2010,F279.245,F279.245/19,96585
西北区域经济发展蓝皮书. 陕西卷,高新才，曹子坚主,人民出版社,978-7-01-007482-5,2008,F127.4,F127.4/8,96577
互联网络的经济学分析,张静敏,中国金融出版社,978-7-5049-5693-4,2010,F062.5,F062.5/5,96575
社交商务中的集体消费行为,孔庆民,经济管理出版社,978-7-5096-6842-9,2019,F036.3,F036.3/2,9657
滇西北旅游地质文化,"李伟, 杨世瑜",冶金工业出版社,978-7-5024-4499-0,2008,F592.99,F592.99/7,96560
你领导，他们跟从 : 如何鼓舞、领导和管理你的员工,(澳)丹尼尔·凯赫(Daniel Kehoe)，(澳)斯蒂芬·戈登(Stephen Godden),华夏出版社,7-5080-3484-8,2004,F272.91,F272.91/71,96558
炒作？ : 没事找事的事件营销,冷振兴,企业管理出版社,7-80197-003-9,2004,F713.50,F713.50/76,96555
网络困境与商务新规则,(美)劳利·温厄姆(Laurie Windham)，(美)乔·萨姆塞,华夏出版社,7-5080-2316-1,2001,F713.36,F713.36/156,96554
员工任用,闫凤芝,中国发展出版社,978-7-80087-954-8,2006,F272.92,F272.92/202,96553
财务管理案例,崔飚，黄辉主,经济科学出版社,978-7-5141-9006-9,2018,F275,F275/279,9655
第1次开餐馆就上手,刘加福,中国纺织出版社,7-5064-3700-7,2006,F719.3,F719.3/42,96544
企业物流总论 : 新竞争力源泉,苏雄义,高等教育出版社,7-04-012269-3,2003,F273.4,F273.4/13,96543
企业的政府公关实务,李平,企业管理出版社,7-80197-469-7,2006,F272.9,F272.9/70,96535
咨询手记 : 人力资源战略制定实战,杨序国,湖南科学技术出版社,7-5357-4161-4,2005,F272.92,F272.92/201,96531
全国外销员统考外贸综合业务全真试题评析,袁永友主,中国对外经济贸易出版社,7-80181-058-9,2003,F752-44,F752-44/1,96527
朱雍 : 股指经书,朱雍,中国海关出版社,978-7-80165-438-0,2008,F830.9,F830.9/55,96523
移商崛起 : 移动互联网赋能传统商业升级,天搜科技,电子工业出版社,978-7-121-34865-5,2018,F713.36,F713.36/592,9652
技术产权交易理论与实践研究,刘东威，李健,北京出版社,978-7-200-08273-9,2010,F279.244.4,F279.244.4/3,96518
跟庄炒股从入门到精通,李慧敏等,机械工业出版社,978-7-111-35084-2,2011,F830.91,F830.91/215,96514
精益求精 : 你的客户在用显微镜看你,王兰建主,中国纺织出版社,978-7-5064-4228-2,2007,F274,F274/146,96512
后危机时代 : 新趋势 新策略 新商机,水中梵,中国商业出版社,978-7-5044-6692-1,2010,F831.59,F831.59/7,96504
服装商品企划学. 2版,李俊，王云仪主,中国纺织出版社,978-7-5064-6266-2,2010,F407.8,F407.8/1,96503
市场营销学,"魏文静, 曾瑾主",上海财经大学出版社,978-7-5642-1268-1,2012,F713.50,F713.50/170,96501
客户关系管理 : 客户关系的建立与维护. 4版,苏朝晖,清华大学出版社,978-7-302-49297-9,2018,F274,F274/426,9650
基础会计学习指导,江希和主,华东师范大学出版社,978-7-5617-9295-7,2012,F230,F230/173,96499
2007年报送员资格全国统一考试习题精选,李天阔主,吉林大学出版社,978-7-5601-3473-4,2007,F752.5,F752.5/18,96470
商务精英. 高频商务词汇金句一本通,创想外语研发团队,中国水利水电出版社,978-7-5170-6208-0,2018,F7,F7/42,9646
全国注册设备监理师执业资格考试案例分析100题 : 2006最新版,石浩然主,中国建材工业出版社,7-80227-064-2,2006,F284,F284/33,96453
WTO与中国税收法律制度的冲突与规避,陈宇等,中国城市出版社,7-5074-1252-0,2001,F743,F743/35,96448
中小企业信贷融资制度创新研究,熊泽森,中国金融出版社,978-7-5049-5557-9,2010,F832.42,F832.42/1,96444
应对金融危机 进一步夯实农业基础地位 : 2009年山东省农业专家顾问团论文选编,卜祥联主,山东科学技术出版社,978-7-5331-5573-5,2010,F327.52,F327.52/1,96442
财务会计,"翁祖乐,董伟英主",湖南师范大学出版社,978-7-5648-3136-3,2018,F234.4,F234.4/161,9643
新编预算会计,《新预算会计》写组[],经济科学出版社,7-5058-4459-8,2004,F810.6,F810.6/26,96428
优秀是教出来的 : 培养优秀员工的36种方法,宋红超,机械工业出版社,978-7-111-23129-5,2008,F272.92,F272.92/199,96424
建筑工程施工项目成本管理. 2版,唐菁菁,机械工业出版社,978-7-111-27874-0,2009,F407.9,F407.9/13,96423
工商行政管理学. 2版,马建敏主,中国商业出版社,7-5044-3412-4,2003,F203.9,F203.9/20,96422
麦克劳林教你应对媒体 : 与媒体进行有效沟通的策略及技巧 : media strategies and techniques,(加)巴里·麦克劳林(Barry Mcloughlin),新世界出版社,978-7-80187-807-6,2005,F272.9,F272.9/69,96418
全栈运营 人人都是运营经理 : 用户+产品+设计+活动+数据+社群+客服,倪林峰,电子工业出版社,978-7-121-34750-4,2018,F713,F713/27,9640
统计质量控制实用指南100例. 2版,陈国铭,中国石化出版社,978-7-80229-855-2,2009,F406.3,F406.3/4,96395
全国革命老区全面奔小康样板村 : 横坎头村,邢孟军,红旗出版社,978-7-5051-4601-3,2018,F327.5,F327.5/1,9639
会计理论研究,李端生等,中国财政经济出版社,978-7-5095-0114-6,2007,F230,F230/170,96380
思想营销 : 中国十大职业营销人求诸子实战笔录,求诸子,中国物价出版社,978-7-80155-914-2,2006,F274,F274/144,96378
掘金创业板,笃恒,机械工业出版社,978-7-111-29168-8,2010,F832.51,F832.51/40,96375
工程经济学. 2版,时思[等],科学出版社,978-7-03-029765-5,2011,F062.4,F062.4/7,96374
苏宁仁帅张近东 : 连锁首富的商业智慧,陈阳,中央编译出版社,978-7-5117-0177-0,2010,F721.8,F721.8/5,96372
西方经济学. 2版,乔瑞主,科学出版社,978-7-03-031292-1,2011,F0,F0/62,96371
全国房地产估价师执业资格考试大纲. 3版,中华人民共和国住房和城乡建设部制,中国建筑工业出版社,978-7-112-10036-1,2008,F299,F299/26,96370
网店运营、美工视觉、客服 : 入门版,淘宝大学,电子工业出版社,978-7-121-32632-5,2018,F713,F713/26,9637
沪深300股指期货与投资策略,康跃,首都经济贸易大学出版社,978-7-5638-1481-7,2007,F832.5,F832.5/15,96369
最后1根稻草 : 企业营销之公共传播故事,钟洪奇,北京出版社,7-200-05580-8,2004,F274,F274/143,96368
国际贸易实务,徐春祥主,机械工业出版社,978-7-111-34347-9,2011,F740.4,F740.4/54,96367
会计记账技能实训,宋海燕主,机械工业出版社,978-7-111-29781-9,2010,F230,F230/169,96366
会计基础与实务,陆建军，金锡鸽主,机械工业出版社,978-7-111-32833-9,2011,F230,F230/168,96365
企业信息系统的形式化及其应用,薛朝改,机械工业出版社,978-7-111-36707-9,2012,F270.7,F270.7/58,96359
WTO概论,苑涛主,清华大学出版社,978-7-81123-301-8,2008,F743,F743/34,96357
商品学概论,赵启兰主,机械工业出版社,7-111-20204-X,2007,F76,F76/14,96349
至尊管理至尊方法. 下,罗锐韧主,印刷工业出版社,7-80000-420-1,2001,F270,F270/324:2,96338
至尊管理至尊方法. 上,罗锐韧主,印刷工业出版社,7-80000-420-1,2001,F270,F270/324:1,96337
环境规制与制造业生态效率研究,袁宝龙,西安交通大学出版社,978-7-5693-0538-8,2018,F426.4,F426.4/59,9633
国际贸易实务. 2版,袁其刚主,经济科学出版社,978-7-5058-8409-0,2009,F740.4,F740.4/53,96326
淘宝店长的一天,阿正,电子工业出版社,978-7-121-34580-7,2018,F724.6,F724.6/67,9631
建筑企业形象策划,刘杰主,中国建筑工业出版社,7-112-05197-5,2002,F407.96,F407.96/4,96300
国际贸易与气候变化 : 理论与实证,赵玉焕,对外经济贸易大学出版社,978-7-5663-2069-8,2019,F74,F74/48,9630
国富之源——企业竞争力,李显君,企业管理出版社,978-7-80147-620-3,2002,F270,F270/322,96299
金钱统治,陈雨露，杨栋,江苏文艺出版社,978-7-5399-3143-2,2010,F832.9,F832.9/1,96288
对称性、金融结构和资产证券化,张超英,中国财政经济出版社,978-7-5095-8050-9,2018,F830,F830/138,9627
Excel 2010人力资源管理入门与实战体验,武新华，王英英，于春霞等,机械工业出版社,978-7-111-32424-9,2011,F272.92,F272.92/1,96263
激活休克鱼 : 感动中国的张瑞敏与海尔文化,迟双明,中国言实出版社,7-80128-448-8,2003,F426.6,F426.6/3,96259
资源的现状与对策 : 英文,邱天,外文出版社,978-7-119-05156-7,2008,F124.5,F124.5/2,96258
中级会计经济法全程应试辅导,全国会计专业技术资格考试参考用书审组审,中华工商联合出版社,978-7-80193-634-9,2007,F23,F23/52,96249
中国产业国际竞争力评论. 第一辑,杨益主,中国商务出版社,978-7-5103-0023-3,2009,F752,F752/9,96245
新会计制度下的纳税筹划,"姜文芹, 史书新",中国市场出版社,7-80155-867-7,2005,F812.423,F812.423/50,96243
中国钢铁保障措施案回顾与研究,王琴华主,中国长安出版社,7-80175-459-X,2006,F752.6,F752.6/5,96242
基金投资36计 : 资深证券人士指点基金投资,王军，李山,中国市场出版社,978-7-5092-0206-7,2007,F830.59,F830.59/105,96241
水煮基金 : 给基民的50个故事,余喆,中国市场出版社,978-7-5092-0289-0,2008,F830.59,F830.59/104,96240
手把手教你炒创业板,李凯富,企业管理出版社,978-7-80255-326-2,2009,F832.51,F832.51/86,96228
批发商使用手册,谢玉清，肖家,中国商业出版社,978-7-5044-6402-6,2009,F713.31,F713.31/1,96227
公司发展战略 : 企业的资源与范围,邱国栋,人民出版社,7-01-005301-4,2005,F276.6,F276.6/65,96226
塑造创新文化 : 实现创新的14个关键因素 : the 14 science-based keys for creating a culture where innovation thrives,(澳)阿曼莎·英博(Amantha Imber),电子工业出版社,978-7-121-33024-7,2018,F273.1,F273.1/57,9622
客户买赢不买输 : 推销员创造销售奇迹的手段和技巧,(德)汉斯·克里斯提安·阿尔特曼(Hans Christian Altmann),民主与建设出版社,7-80112-371-9,2002,F713.3,F713.3/120,96218
企业财务报表审计实务问答,何其智主,机械工业出版社,978-7-111-34904-4,2011,F239.6,F239.6/4,96207
研究、发展与技术创新管理,许庆瑞主,高等教育出版社,7-04-009124-0,2000,F113.2,F113.2/1,96206
MBA实务. 企业经营速成教程,[美]弗吉尼亚·欧布莱恩(Virginia O`Brien),海南出版社,7-80645-345-8,1999,F270,F270/319,96193
创新变革 : 做创造更大利益的造梦者 : innovating for the greater good,(美)米歇尔·亨特(Michele Hunt),电子工业出版社,978-7-121-33712-3,2018,F273.1,F273.1/56,9619
中小企业WTO88问,联合国贸发会议/世界贸易组织国际贸易中心,企业管理出版社,978-7-80197-341-2,2006,F743,F743/14,96188
数字原来会说谎,扣小米,化学工业出版社,978-7-122-30722-4,2018,F222.1,F222.1/5,9618
中国内地公司管治评析 : a critical analysis,何顺文，李元莎,中国财经经济出版社,7-5005-9380-5,2006,F279.246,F279.246/26,96179
"亚太地区发展报告. No. 7(2006). No. 7(2006), 发展趋势预测与热点问题分析, Analysis of the development trends and major events",张蕴岭，孙士海主,社会科学文献出版社,978-7-80230-686-8,2007,F114.46,F114.46/5,96178
缓解县乡财政困难的路径选择,刘尚希，傅志华主,中国财政经济出版社,978-7-5005-9491-8,2006,F812.7,F812.7/9,96176
中财讲坛. 2006年第2辑(总第2辑),王国华主,中国财政经济出版社,978-7-5005-9849-7,2007,F124-53,F124-53/2,96175
如何当好班组长,李飞龙,北京大学出版社,7-301-06485-3,2003,F406.6,F406.6/7,96174
创造公平竞争的法治环境 政策环境 市场环境 : 非公有制经济政策读本,全国工商联研究室，国家发改委中小企业司， 国务院研究室工交贸易司,中华工商联合出版社,7-80193-374-5,2006,F121.2,F121.2/2,96173
物流基础,叶伟媛主,知识产权出版社,7-80198-628-8,2006,F252,F252/91,96172
内需为王 : 后危机时代本土企业生存之道,张丽，程书博,科学出版社,978-7-03-028567-6,2010,F279.23,F279.23/135,96167
中国产业发展监测与分析报告. 2011. 2011,郑适,中国经济出版社,978-7-5017-9804-9,2011,F124,F124/29,96163
中国财政管理,谢旭人,中国财政经济出版社,978-7-5095-3109-9,2011,F812.2,F812.2/7,96154
共享金融学,张玉明等,科学出版社,978-7-03-059603-1,2019,F830,F830/137,9615
市场营销学简明读本,戴照明主,中国石化出版社,978-7-80229-914-6,2009,F713.50,F713.50/167,96147
短线炒股一点通. 2版,付刚,机械工业出版社,978-7-111-30837-9,2010,F830.91,F830.91/211,96142
会计学基础,王汉民，崔乐忠主,中国经济出版社,978-7-5136-0079-8,2010,F230,F230/165,96126
K线精解从入门到实战. 第二册,范江京,机械工业出版社,978-7-111-31127-0,2010,F830.91,F830.91/189,96125
建设项目管理审计,周和生,化学工业出版社,978-7-122-07312-9,2010,F239.63,F239.63/1,96119
客房管理实务,汝勇健主,旅游教育出版社,978-7-5637-2009-5,2010,F719.2,F719.2/54,96102
别卖给我，讲给我,(美)格雷格·科翰(Greg Koorhan),中国人民大学出版社,978-7-300-25766-2,2018,F27,F27/32,9610
水利政策研究论文选编 : 2000-2010年,柳长顺主,中国水利水电出版社,978-7-5084-8689-5,2011,F426.9,F426.9/8,96095
宏观联邦主义与地方财政,沙安文主,中国财政经济出版社,978-7-5095-6515-5,2018,F810.7,F810.7/2,9609
基础会计,金中泉主,中央广播电视大学出版社,7-304-02255-8,2002,F230,F230/164,96076
市场调查与预测. 2版,刘玉玲主,科学出版社,978-7-03-028505-8,2010,F713.52,F713.52/13,96074
中国仓储行业发展报告. 2010,中国仓储协会,中国商业出版社,978-7-5044-6904-5,2010,F259.23,F259.23/1,96072
新编用友ERP财务管理系统实验教程,王新玲，赵彦龙，蒋晓燕主,清华大学出版社,978-7-302-20575-3,2009,F275-39,F275-39/13,96045
绿色供应链管理 : 政策与实践 : policy and practices,张洁清[等],中国环境出版集团,978-7-5111-3467-7,2018,F259.22,F259.22/45,9604
重点行业循环经济支撑技术. 钢铁工业 有色金属工业 建筑材料工业,国家发展和改革委员会资源节约和环境保护司[],中国标准出版社,978-7-5066-4393-1,2007,F426,F426/6,96039
重点行业循环经济支撑技术. 造纸工业 发酵工业 皮革工业,国家发展和改革委员会资源节约和环境保护司[],中国标准出版社,978-7-5066-4392-4,2007,F426,F426/5,96038
税改双轮驱动 : 税收法定与税收改革,汤贡亮,中国财政经济出版社,978-7-5095-7760-8,2018,F812.4,F812.4/11,9603
公共财政对教科文投入的方式及效能研究,陈敬良等,知识产权出版社,978-7-5130-0815-0,2012,F812.0,F812.0/6,96027
工程项目组织与管理. 4版,全国注册咨询工程师(投资)执业资格考试试题分析小组,机械工业出版社,978-7-111-32391-4,2011,F284,F284/32,96024
2011全球汽车论坛文集,王侠，陈琳主,机械工业出版社,978-7-111-37578-4,2012,F416.4,F416.4/1,96019
质量管理与控制. 2版,张凤荣主,机械工业出版社,978-7-111-34935-8,2011,F273.2,F273.2/62,96013
重庆：旧秩序中的精英与城市管理(1644-1911),谯珊,四川大学出版社,978-7-5614-9595-7,2018,F299.29,F299.29/1,9601
网络营销,方美琪，胡翼亮,清华大学出版社,7-302-06528-4,2003,F713.36,F713.36/153,95987
企业财务战略管理,陈萍，潘晓梅,经济管理出版社,978-7-5096-0538-7,2010,F275,F275/28,95967
全球贸易摩擦研究报告. 2010,杨益主,中国商务出版社,978-7-5103-0369-2,2010,F744,F744/3,95966
2011中国销售车型总汇,2011中国销售车型总汇委会,人民交通出版社,978-7-114-08992-3,2011,F766,F766/17,95965
人力资源管理,"(美)劳埃德·拜厄斯(Lloyd L.Byars)，(美)莱斯利·鲁(Leslie W.Rue),李业昆",华夏出版社,7-5080-2400-1,2002,F241,F241/61,95963
2005年度注册会计师全国统一考试学习指南. 经济法,注册会计师全国统一考试学习指南写组,中国财政经济出版社,7-5005-8033-9,2005,F23,F23/59,95942
商业银行客户经理基金销售实用手册,于博主,中国经济出版社,978-7-5136-0138-2,2010,F830.91,F830.91/169,95938
保险理论与实践. 2018年第3期(总第27期),中国保险学会[],中国金融出版社,978-7-5049-9443-1,2018,F84-53,F84-53/1,9593
电子商务概论,董晓华主,重庆大学出版社,978-7-5624-4851-8,2009,F713.36,F713.36/152,95929
企业文化建设. 2版,张德主,清华大学出版社,978-7-302-20754-2,2009,F270,F270/311,95925
Excel 2007会计日常工作与财务管理,凌弓创作室,科学出版社,978-7-03-027763-3,2010,F232,F232/61,95922
建筑企划实务,胡弘才主,辽宁科学技术出版社,7-5381-3622-3,2002,F407.9,F407.9/12,95918
中国金融不良资产市场调查报告. 2019,吴跃主,中国金融出版社,978-7-5220-0033-6,2019,F832.3,F832.3/14,9591
循环经济与清洁生产,徐小力[等],机械工业出版社,978-7-111-33923-6,2011,F062.1,F062.1/6,95903
物流设施与设备. 3版,蒋祖星，孟初阳主,机械工业出版社,978-7-111-26453-8,2009,F252,F252/92,95900
中国生态经济总部 : 神农架建设方案 : a construction concept of Shennongjia,唐克敏,经济管理出版社,978-7-5096-5886-4,2018,F127.63,F127.63/3,9589
财务成本管理,中国注册会计师协会,中国财政经济出版社,978-7-5095-3457-1,2012,F275.3,F275.3/17,95879
2010年报关员资格全国统一考试标准辅导教程与重点、难点分析,报关员资格全国统一考试辅导用书审委员会,航空工业出版社,978-7-80243-415-8,2010,F752.5,F752.5/17,95866
出位 : 海信营销——在产品同质化时代的PBI营销法. 2版,王瑞吉，姚瑶，刘蔚,企业管理出版社,7-80147-940-8,2006,F426.6,F426.6/11,95860
外资并购中的国有股权定价问题研究,刘志杰,经济管理出版社,978-7-5096-0928-6,2010,F279.241,F279.241/14,95857
什么阻碍了你创业,(美)布鲁斯·R. 巴林杰(Bruce R. Barringer)，(美)R. 杜安·爱尔兰(R. Duanc Ireland),电子工业出版社,978-7-121-10264-6,2010,F270,F270/309,95856
生产计划与控制. 2版,王丽莉主,机械工业出版社,978-7-111-34644-9,2011,F402.1,F402.1/1,95853
民航订座系统操作教程,陆东主,中国民航出版社,978-7-80110-932-3,2009,F562.6,F562.6/3,95852
危机经济学 : a crash course in the future of finance,(美)努里埃尔·鲁比尼(Nouriel Roubini)，(美)斯蒂芬·米姆(Stephen Mihm),浙江人民出版社,978-7-213-08811-7,2018,F831.59,F831.59/28,9585
社会变迁中的农民合作与村庄发展 : 以河北省金村为例,郭海霞,中国社会出版社,978-7-5087-3331-9,2010,F321.42,F321.42/1,95846
低学历的女人也能赚大钱,谢玉清,中国商业出版社,978-7-5044-6425-5,2009,F715,F715/91,95837
财务管理. 2版,牛彦秀，刘媛媛主,经济科学出版社,978-7-5058-7027-7,2008,F275,F275/112,95835
百万年薪培训师进阶之路,DISC双证班社群,电子工业出版社,978-7-121-34029-1,2018,F272.9,F272.9/218,9583
规范服务 : 汽车销售人员客户满意第一步,丁兴良，王平辉主,机械工业出版社,978-7-111-32262-7,2011,F766,F766/16,95826
我想成为有钱人 : 股票、基金、期货、黄金致富宝典,白媛媛，王静,企业管理出版社,978-7-80197-846-2,2007,F830.59,F830.59/101,95824
世界500强本土化人力资源管理实战范例,郑大奇,企业管理出版社,978-7-80197-591-1,2007,F279.1,F279.1/15,95823
日本蜡烛图教程,(美)史蒂夫.尼森,天津社会科学院出版社,978-7-80688-590-1,2010,F830.9,F830.9/51,95811
建设低碳城市 实现可持续发展,中共北京市委组织部，北京市人力资源和社会保障局，北京市科学技术委员会,北京出版社,978-7-200-08387-3,2010,F127.1,F127.1/6,95798
财务管理,丁元霖主,立信会计出版社,978-7-5429-2257-1,2009,F275,F275/105,95792
泡沫 : 从股市到楼市的繁荣幻象,(美)约翰·卡尔弗利(John P. Calverley),北京师范大学出版社,978-7-303-07864-6,2006,F831.5,F831.5/7,95783
私营公司营销管理文案制度表格,科博斯企业管理研究中心,中国和平出版社,978-7-80154-067-6,2003,F276.5,F276.5/16,95782
新会计准则与涉税处理技巧. 下,蔡昌，张西克主,广东经济出版社,978-7-80728-320-1,2006,F279.23,F279.23/129:2,95764
实施原中央苏区振兴政策研究,李晓园，刘善庆，张明林,中国社会科学出版社,978-7-5161-5301-7,2014,F127.56,F127.56/3,9576
基础会计. 2版,李惟庄主,中国财政经济出版社,978-7-5005-9887-9,2007,F230,F230/160,95758
小国的痛苦和大国的烦恼 : 孙立坚谈世界经济,孙立坚,中信出版社,978-7-5086-2619-2,2011,F113,F113/3,95757
国际贸易理论与实务,李雁玲主,机械工业出版社,978-7-111-32805-6,2011,F740,F740/38,95750
创业从一份商业计划书开始,"吕森林,申山宏",电子工业出版社,978-7-121-35875-3,2019,F712,F712/8,9575
现代货币银行学教程习题指南. 3版,胡庆康主,复旦大学出版社,978-7-309-07068-2,2010,F830,F830/51,95741
商务统计双语案例精析,杨楠,上海财经大学出版社,978-7-5642-1253-7,2012,F712.3,F712.3/6,95737
企业影响力研究及案例分析,"韩朝,陈建成,陈凯,程鹏主",中国林业出版社,978-7-5038-6419-3,2012,F299.2,F299.2/5,95731
做大,杨剑，吕菲,中华工商联合出版社,978-7-80193-263-1,2007,F276.3,F276.3/54,95730
企业品牌力研究及案例分析,"韩朝,陈建成,陈凯,程鹏主",中国林业出版社,978-7-5038-6431-5,2012,F299.2,F299.2/4,95729
上市公司壳资源利用理论与实务,陈永忠，高勇等,人民出版社,7-01-004293-4,2004,F279.246,F279.246/24,95726
简明税收知识问答 : 2006年版,刘佐,人民出版社,7-01-004522-4,2004,F812.423,F812.423/47,95725
每天10分钟学点金融学,刘亚琴,机械工业出版社,978-7-111-35229-7,2011,F830,F830/50,95722
数据之翼 : 引领中国大数据产业发展的创新技术,《软件和集成电路》杂志社,电子工业出版社,978-7-121-35243-0,2018,F492,F492/10,9572
金融学概论,李树生，冯瑞河主,中国金融出版社,7-5049-3749-5,2005,F830,F830/49,95710
商品真伪鉴别,王 军主,中国商业出版社,7-5044-2987-2,1996,F760.6,F760.6/3,95703
资产选择 : 投资的有效分散化,(美)哈里·马克威茨(Harry M.Markowitz),首都经济贸易大学出版社,7-5638-0835-3,2000,F830.9,F830.9/50,95700
中国特色蔬菜主产区产业发展报告,国家特色蔬菜产业技术体系产业经济研究室主,经济管理出版社,978-7-5096-6902-0,2019,F326.1,F326.1/2,9570
国际金融风险管理,刘园主,对外经济贸易大学出版社,7-81000-894-3,1998,F831,F831/34,95699
你的社会保险 你的美好未来,王磊主,中国建材工业出版社,7-80159-616-1,2004,F842.61,F842.61/2,95697
边缘地区区域过程与发展模式研究,侯晓丽,中国市场出版社,978-7-5092-0253-1,2007,F127.4,F127.4/7,95696
世界名牌COACH,(日)名牌精品购物集部,辽宁科学技术出版社,978-7-5381-5125-1,2007,F76,F76/13,95694
世界名牌GUCCL,(日)名牌精品购物集部,辽宁科学技术出版社,978-7-5381-5124-4,2007,F76,F76/12,95693
统治 : 技术商人与华为的核心竞争力,豆世红,江苏人民出版社,978-7-214-06042-6,2009,F632.7,F632.7/1,95688
从新导游做起,黎泉,中国旅游出版社,978-7-5032-3028-8,2007,F590.63,F590.63/28,95678
中国资本市场的培育和发展,张汉亚主,人民出版社,7-01-003564-4,2002,F832.51,F832.51/81,95676
构建货币政策和宏观审慎政策双支柱调控框架,李波主,中国金融出版社,978-7-5049-9273-4,2018,F822.0,F822.0/29,9567
房地产企业税收筹划,梁云凤，逄振悦，梁云波,中国市场出版社,7-80155-968-1,2006,F812.423,F812.423/46,95668
现代物流手册,刘志学主,中国物资出版社,7-5047-1785-1,2001,F252-62,F252-62/2,95665
商务谈判,李旭穗，邢金虎主,清华大学出版社,978-7-302-20753-5,2009,F715.4,F715.4/21,95659
人力资源管理,"林莉主,奚秀岩",清华大学出版社,978-7-302-28409-3,2012,F241,F241/58,95655
审计学,李敏主,上海财经大学出版社,978-7-5642-0529-4,2009,F239.0,F239.0/43,95653
市场营销学,王中亮主,立信会计出版社,978-7-5429-2720-0,2011,F713.50,F713.50/151,95652
宏观视角下的中国国有经济控制力,谢敏,中国经济出版社,978-7-5017-9998-5,2010,F121.21,F121.21/1,95651
建筑业增值税会计核算与纳税申报层次解析,卢新宇,北京理工大学出版社有限责任公司,978-7-5682-5735-0,2018,F812.42,F812.42/92,9565
近代中国的工业发展 : 与日本比较 : comparison with Japan,关权,中国人民大学出版社,978-7-300-25853-9,2018,F429.05,F429.05/6,9563
庄家操作手法精解,陈绍胜,广东经济出版社,978-7-80632-930-6,2001,F832.51,F832.51/75,95629
优秀的人才是免费的 : 500强企业奉为圭臬的观念和法则,余仕强,北京邮电大学出版社,7-5635-1214-4,2006,F272.92,F272.92/189,95628
新会计准则 会计制度(2006),陈建中主,中国财政经济出版社,7-5005-9424-0,2006,F233.2,F233.2/8,95625
市场风险管理策略比较研究,李德荃，王江,中国时代经济出版社,978-7-80221-298-5,2007,F274,F274/136,95622
国外交通运输发展战略及启示,"黄民,张建平主",中国经济出版社,7-5017-1699-4,2007,F511.3,F511.3/1,95620
麦肯锡高层管理论丛. 1999.3,欧高敦(Gordon Orr)主,经济科学出版社,7-5058-1836-8,1999,F279.1,F279.1/50,95613
供应链管理 : 缔造神话的根源,(美)戴维·A. 泰勒(David A. Taylor),机械工业出版社,978-7-111-36476-4,2012,F274,F274/135,95610
2017财经分析及金融专项问题研究,供销集团财务有限公司,中国金融出版社,978-7-5049-9384-7,2018,F12,F12/69,9561
新会计准则与涉税处理技巧,蔡昌，张西克主,广东经济出版社,978-7-80728-320-1,2006,F279.23,F279.23/129:2,95603
敏捷项目管理,(美)Jochen Krebs,机械工业出版社,978-7-111-29698-0,2010,F224.5,F224.5/35,95591
巴菲特与索罗斯的投资习惯,(澳) 马克·泰尔(Mark Tier),中信出版社,7-5086-0035-5,2005,F837.124,F837.124/2,95584
回归原点 : 丰田方式的管理会计,(日)河田信,机械工业出版社,978-7-111-35819-0,2012,F431.364,F431.364/8,95581
石油企业供应商选择方法 : 范例推理技术及应用,赵凯,中国石化出版社,978-7-5114-0329-2,2010,F407.225,F407.225/1,95580
公共教育支出对居民代际收入流动的影响 : 理论与经验分析,徐俊武,经济管理出版社,978-7-5096-6068-3,2018,F124.7,F124.7/34,9556
商场即战场 : 美国六大商战纪实,于建成等,海南出版社,7-80617-970-4,1997,F715,F715/85,95549
今天，你微笑了吗,严家明,机械工业出版社,978-7-111-31076-1,2010,F272.92,F272.92/188,95543
赣江财税论坛. 2017,李春根，席卫群主,经济科学出版社,978-7-5141-8958-2,2018,F812.7,F812.7/22,9554
国际经济贸易专业知识. 国际商务师. 2版,安民主,对外经济贸易大学出版社,978-7-81000-871-6,2001,F740,F740/34,95535
新电商新玩法 : 淘宝天猫运营实战宝典,蒋泽豪,电子工业出版社,978-7-121-33738-3,2018,F713,F713/25,9553
股市常用技术图谱大全,李郑伟,机械工业出版社,978-7-111-33779-9,2011,F830.91,F830.91/197,95527
实战看盘,范江京,机械工业出版社,978-7-111-31857-6,2010,F830.91,F830.91/196,95525
最实用的211个财务管理工具,张燕，王贵奇,中国经济出版社,978-7-5136-0040-8,2011,F275,F275/106,95516
转变经济发展方式研究 : 以福建省为例,伍长南，黄继炜等,中国经济出版社,978-7-5017-9718-9,2010,F127.57,F127.57/1,95513
电商相对论 : 电商运营核心战略战术详解,姜禹(辰沫),电子工业出版社,978-7-121-32574-8,2018,F713,F713/24,9551
宏观视角下的中国国有经济控制力,谢敏,中国经济出版社,978-7-5017-9998-5,2010,F121.21,F121.21/1,95509
网店美工实操 : 淘宝天猫店铺设计与装修,曹培强，王凤展，卜彦波,电子工业出版社,978-7-121-34597-5,2018,F713.36,F713.36/591,9550
成本管理. 计划与决策,"(美)爱德华 J.布洛切(Edward J.Blocher)等,高晨,王娟",华夏出版社,7-5080-2580-6,2002,F275.3,F275.3/16,95494
土地管理概论,刘胜华，刘家彬主,武汉大学出版社,7-307-04635-0,2005,F321.1,F321.1/9,95488
采购管理实务,李方峻主,北京大学出版社,978-7-301-17917-8,2010,F274,F274/132,95482
助推脱贫攻坚 保险在路上,本书委会,中国金融出版社,978-7-5049-9528-5,2018,F126,F126/12,9541
新编小企业会计报表速成,章文主,蓝天出版社,7-80158-628-X,2005,F276.3,F276.3/45,95398
金融与会计学学位论文汪氏范本,汪康懋等,上海三联书店,7-5426-2049-5,2005,F830-53,F830-53/1,95393
企业所得税编报与审查,邱闽泉,中国审计出版社,7-80064-958-X,2001,F812.424,F812.424/18,95384
资本流动与民间投资发展,于谨凯,上海三联书店,7-5426-1776-1,2004,F032.1,F032.1/1,95380
基础会计. 4版,亚洲职业教育研究院,立信会计出版社,978-7-5429-6184-6,2019,F230,F230/383,9538
北京住房公积金问答. 2版,北京住房公积金管理中心,科学出版社,978-7-03-020195-9,2007,F832.21,F832.21/2,95378
资本流动与民间投资发展,于谨凯,上海三联书店,7-5426-1776-1,2004,F032.1,F032.1/1,95376
基础会计习题集,童家宾主,中国商业出版社,7-5044-3690-9,1998,F230-44,F230-44/3,95374
推销员口才技巧全书,陈企华主,中国纺织出版社,7-5064-2308-1,2002,F713.3,F713.3/100,95372
中国税制,刘佐主,人民出版社,7-01-003612-8,2001,F812.422,F812.422/17,95370
伊朗新能源投资指南,中工源合,电子工业出版社,978-7-121-34222-6,2018,F437.36,F437.36/1,9537
高管商学院. 公司治理,(美)罗伯特·蒙克斯(Robert A.G.Monks)，(美)尼尔·米诺(Nell Minow),中国劳动社会保障出版社,7-5045-4711-5,2004,F270,F270/253,95367
黄石商会档案选编 : 1945-1949,黄石市档案馆，湖北理工学院经济与管理学院，长江中游矿冶文化与经济社会发展研究中心合,湖北人民出版社,978-7-216-09606-5,2018,F729.6,F729.6/3,9531
员工精神. II,宁一,地震出版社,978-7-5028-3321-3,2008,F272.92,F272.92/144,95286
竞争环境监视,陶翔，张左之,华夏出版社,978-7-5080-4081-3,2006,F274,F274/103,95285
经济管理基础,张卿主,机械工业出版社,7-111-18452-1,2006,F20,F20/12,95283
WTO与中国金融法律制度的冲突与规避,钟鸣等,中国城市出版社,7-5074-1253-9,2001,F743,F743/19,95280
商务谈判. 2版,毛国涛，田华主,北京理工大学出版社有限责任公司,978-7-5682-5295-9,2018,F715.4,F715.4/58,9528
学习经济,姚余栋,人民出版社,7-01-003698-5,2002,F0,F0/87,95275
工商行政管理实用咨询大全,北京市工商行政管理局,金城出版社,7-80084-114-6,1996,F203.9,F203.9/16,95272
中国证券市场问题报告,李茂生，苑德军主,中国社会科学出版社,7-5004-3738-2,2003,F832.51,F832.51/67,95255
股道天机 : 股市实战理论精粹,"尹宏, 胡红霞",经济管理出版社,7-80207-363-4,2005,F830.91,F830.91/164,95254
中国工业发展报告（1999） : 告别短缺经济的中国工业,中国社会科学院工业经济研究所,经济管理出版社,7-80118-818-7,1996,F42,F42/1,95252
哈佛最神奇的8堂销售课,苏山,北京工业大学出版社,978-7-5639-2989-4,2012,F713.3,F713.3/98,95250
再见吧，美国 : 后金融危机的全球趋势,(日)大前研一,中华工商联合出版社,978-7-80249-242-4,2010,F11,F11/4,95246
清算谎言经济学 : 罗斯福、格林斯潘和奥巴马，谁都救不了美国,(美)托马斯·伍兹(Thomas E. Woods),中华工商联合出版社,978-7-80249-197-7,2010,F171.244,F171.244/2,95245
新型信息管理系统构建,李怀林，余八一,经济日报出版社,978-7-80180-583-6,2006,F270.7,F270.7/45,95244
企业所得税涉税实务与税务稽查风险防范,雷建,企业管理出版社,978-7-80197-526-3,2006,F812.424,F812.424/17,95243
2006中国汽车市场展望. 7版,徐长明，陈建国主,机械工业出版社,978-7-111-02416-3,2007,F724.76,F724.76/2,95240
金融基石 : 全球征信行业前沿,零壹财经·零壹智库,电子工业出版社,978-7-121-32794-0,2018,F830.5,F830.5/24,9524
财务主管开门7件事,王纯,民主与建设出版社,978-7-80112-639-9,2004,F275,F275/99,95230
《中共中央关于制定国民经济和社会发展第十二个五年规划的建议》辅导读本,本书写组,人民出版社,978-7-01-009374-1,2010,F123.393,F123.393/2,95229
《中共中央关于推进农村改革发展若干重大问题的决定》辅导读本,本书写组,人民出版社,978-7-01-007389-7,2008,F32,F32/7,95228
德国经济与市场,宋坚主,中国商务出版社,7-80181-172-0,2003,F151.639,F151.639/1,95227
全国外销员资格考试复习大纲,对外贸易经济合作部人事教育劳动司,对外经济贸易大学出版社,7-81000-951-6,2000,F752-41,F752-41/1,95220
新时代新税务 新担当新作为 : 国税地税征管体制改革辅导读本,国家税务总局,中国税务出版社,978-7-5678-0728-0,2018,F812.42,F812.42/91,9521
点击老板致命弱点,冯雪松,当代世界出版社,7-80115-768-0,2004,F272.91,F272.91/52,95201
一句顶一万句. 马云商战心路,潜龙,九州出版社,978-7-5108-0418-2,2010,F724.6,F724.6/5,95199
1039手册,北京人民广播电台交通广播,中国民航出版社,978-7-80110-767-1,2007,F512.99,F512.99/3,95198
打造优质企业 : Perfect管理定律,日本名古屋QS研究会,西南交通大学出版社,7-81057-387-X,2000,F270,F270/246,95192
创业理论与技能,陈诗慧，吕英，何乃柱主,北京工业大学出版社,978-7-5639-5394-3,2017,F272,F272/138,9519
"入世后中国企业实务操作手册. 第3辑, 怎样在海外投资",吴学勤,民主与建设出版社,7-80112-480-4,2002,F743,F743/26,95185
"美国财务会计准则. 141-142号. No.141-No.142, 企业合并、商誉和其他无形资产, Business combinations & goodwill and other intangible assets",,经济管理出版社,7-80207-075-9,2005,F233.712,F233.712/1,95183
建设人文北京 科技北京 绿色北京,程静主,北京出版社,978-7-200-07829-9,2009,F299.271,F299.271/3,95179
经济模式,唐晋主,人民日报出版社,978-7-80208-793-4,2009,F120.3,F120.3/1,95174
创业：我们的故事,中央电视台财经频道《商道·对手》栏目主,北京出版社,978-7-200-08867-0,2011,F279.23,F279.23/108,95168
谁是企业最受欢迎的人,沈一飞,中华工商联合出版社,978-7-80249-232-5,2010,F272.92,F272.92/152,95166
SAP及mySAP商务套件,胡险峰,东方出版社,978-7-5060-2503-4,2006,F270.7,F270.7/39,95165
高管商学院. 数据挖掘,(美)迈克尔·贝里(Michael J.A.Berry)，(美)戈登·利诺夫(Gordon S.Linoff),中国劳动社会保障出版社,7-5045-4709-3,2004,F270,F270/239,95164
"中国税收征管信息系统2.0版业务培训教材. 下, 征收监控",国家税务总局征收管理司,中国税务出版社,7-80117-824-6,2005,F812.423,F812.423/34:2,95162
"中国税收征管信息系统2.0版业务培训教材. 下, 征收监控",国家税务总局征收管理司,中国税务出版社,7-80117-824-6,2005,F812.423,F812.423/34:2,95161
2000版ISO 9000族标准理解与运作指南,陈志田主,中国计量出版社,7-5026-1456-7,2001,F273.2-65,F273.2-65/9,95160
销售绩效与薪酬奖励体系设计全书 : connecting the corner office to the front line,(美)马克·多诺罗(Mark Donnolo),中国人民大学出版社,978-7-300-25985-7,2018,F274,F274/425,9516
财政管理信息系统与“金财工程”,宋新生等,经济科学出版社,978-7-5058-4871-9,2005,F812-39,F812-39/1,95154
管理会计工具与案例. 绩效管理,李守武主,中国财政经济出版社,978-7-5095-8158-2,2018,F234.3,F234.3/75,9515
亚太信息技术园 : 地区性数字鸿沟之启示,"(美) 麦赫若·杰索娃拉(Meheroo Jussawalla), (美) 理查德·泰勒(Richard D.Tayior)",北京邮电学院出版社,7-5635-1245-4,2006,F49,F49/12,95142
信用合作演变规律和运行机制的国际比较与借鉴,鞠荣华,经济科学出版社,978-7-5141-9673-3,2018,F831.2,F831.2/15,9514
科技创业服务概论,熊筱燕，张小军者,江苏科学技术出版社,978-7-5345-6506-9,2008,F276.44,F276.44/3,95122
北京美食地理,"北京晚报, 北京国际美食节组委会",中国旅游出版社,978-7-5032-2775-2,2006,F719.3,F719.3/26,95115
为公司工作 为自己打拼,肖染,海潮出版社,978-7-80213-545-1,2008,F272.92,F272.92/124,95111
八连冠销售冠军的实战手记,乔名媛，都瑞斌,中国商务出版社,978-7-5103-3141-1,2020,F713.3,F713.3/336,9511
21世纪的书 : 信息时代商业思想10×10阅读,方兴东，杨吉,南方日报出版社,7-80652-467-3,2005,F715,F715/72,95106
有备无患 : 企业突发事件应对手册,"(美)约翰·莱(John Laye),宋苗",新华出版社,7-5011-6366-9,2003,F270-62,F270-62/3,95103
多方法物流系统仿真教程,刘新全主,北京理工大学出版社有限责任公司,978-7-5682-6423-5,2019,F252,F252/296,9510
国际贸易考研真题与典型题详解. 6版,圣才考研网主,中国石化出版社,978-7-5114-0249-3,2010,F74-44,F74-44/1,95094
2004-2005年度中国企业最佳案例. 市场营销,中外企业管理案例研究中心,长安出版社,7-80175-253-8,2005,F279.23,F279.23/104,95087
建设工程项目管理,田元福主,清华大学出版社,7-81082-484-8,2005,F284,F284/28,95085
质量工具箱,(美)南希·R·泰戈(Nancy R.Tague),中国城市出版社,7-5074-1609-7,2004,F273.2,F273.2/45,95084
大峡谷野奢温泉旅游区开发研究,田里，张鹏杨,中国旅游出版社,978-7-5032-6231-9,2019,F592.77,F592.77/5,9508
采购管理与库存控制. 2版,王槐林主,中国物资出版社,7-5047-1734-7,2004,F274,F274/111,95072
项目成本管理,孙慧主,机械工业出版社,7-111-16164-5,2005,F224.5,F224.5/24,95071
潍坊市优秀金融应用型课题成果选编,潍坊金融财政研究院,山东大学出版社,978-7-5607-6361-3,2019,F832.7,F832.7/7,9507
销售潜规则,西子夏,华中科技大学出版社,978-7-5609-6626-7,2011,F713.3,F713.3/99,95069
导游服务规范,翁钢民，付岗主,中国旅游出版社,978-7-5032-2182-8,2007,F590.63,F590.63/22,95063
创新沃土 : 美国3M公司创新机制,(美)欧内斯特·冈德林,华夏出版社,7-5080-2392-7,2001,F471.261,F471.261/1,95062
国际合作社联盟,李春生主,中国社会出版社,978-7-5087-2453-9,2009,F116,F116/1,95061
国际金融,国世平主,人民出版社,7-01-003083-9,1999,F831,F831/29,95060
新编现代酒店星级服务培训1本通,文通主,中国纺织出版社,978-7-5064-5352-3,2009,F719.2,F719.2/38,95057
哈佛最神奇的8堂销售课,苏山,北京工业大学出版社,978-7-5639-2989-4,2012,F713.3,F713.3/98,95056
"中国税收征管信息系统2.0版业务培训教材. 下, 管理服务",国家税务总局征收管理司,中国税务出版社,7-80117-824-6,2005,F812.423,F812.423/35:2,95055
"中国税收征管信息系统2.0版业务培训教材. 下, 征收监控",国家税务总局征收管理司,中国税务出版社,7-80117-824-6,2005,F812.423,F812.423/34:2,95054
清算谎言经济学 : 罗斯福、格林斯潘和奥巴马，谁都救不了美国,"(美)托马斯·伍兹(Thomas E. Woods),马慧",中华工商联合出版社,978-7-80249-197-7,2010,F171.244,F171.244/2,95052
注册会计师专项审计业务指引汇编,北京注册会计师协会,经济科学出版社,978-7-5218-0443-0,2019,F239.22,F239.22/34,9505
英文商务信函写作大全,(美)科里·桑德勒(Corey Sandler)，(美)贾尼丝·基夫(Janice Keefe),电子工业出版社,978-7-121-34040-6,2018,F7,F7/41,9504
赚钱投资全攻略 : 基金、股票、期货、外汇、权证,王亚卓,企业管理出版社,978-7-80197-767-0,2007,F83-49,F83-49/5,95038
增长与均等的取舍 : 中国财政分权政策研究,乔宝云,人民出版社,7-01-003763-9,2002,F812.2,F812.2/4,95033
老商标的故事,王翔等,民主与建设出版社,7-80112-590-8,2004,F760.5,F760.5/2,95031
人力资本与欠发达地区的经济发展 : 基于内蒙古赤峰市的研究,张志安，杜育红主,中国人民出版社,7-80189-230-5,2004,F249.21,F249.21/1,95028
云南养老旅游发展规划研究,蒙睿，刘嘉纬，周琦,中国旅游出版社,978-7-5032-6045-2,2018,F592.7,F592.7/8,9502
TPM入门,文放怀主,广东经济出版社,978-7-80728-321-8,2006,F273.4,F273.4/11,95017
会计实作跟我学·会计主管,本书委会[],中国铁道出版社,7-113-04155-8,2001,F23,F23/36,95011
房地产估价案例与分析,廖俊平，陆克华主,中国建筑工业出版社,978-7-112-07369-6,2005,F299.233,F299.233/14,95010
生死转型 : 金融巨变下的生存发展之道,彭志强，陈勇，王湘云,北京出版社,978-7-200-07487-1,2008,F279.2,F279.2/13,95009
房地产经纪概论. 4版,张永岳，崔裴主,中国建筑工业出版社,978-7-112-09999-3,2008,F299.233.5,F299.233.5/15,95005
跟大师学投资,刘建位，徐晓杰,民主与建设出版社,978-7-80112-718-1,2006,F830.59,F830.59/81,95004
"上海浦东经济发展报告. 2019. 2019, 高质量发展和高水平改革开放",周小平，徐美芳主,社会科学文献出版社·皮书出版分社,978-7-5201-4093-5,2019,F127.51,F127.51/9,9500
给生意人的49个高招,张立光,中国致公出版社,978-7-5145-0052-3,2011,F715-49,F715-49/40,94997
大柳树生态经济区农牧业路径及生态效益,"宋豫秦, 邵超峰, 李晨晨",科学出版社,978-7-03-058456-4,2018,F323,F323/19,9499
行李生工作手册,姜玲，贺湘辉主,广东经济出版社,978-7-80728-485-7,2007,F719.2,F719.2/37,94988
酒吧服务员工作手册,姜玲，贺湘辉主,广东经济出版社,978-7-80728-485-7,2007,F719.3,F719.3/25,94987
中国与世界贸易组织疑难问题解答,张汉林，刘光溪,对外经济贸易大学出版社,7-81000-936-2,1999,F743-44,F743-44/1,94986
金融专业知识与实务. 初级,张强主,中国人事出版社,978-7-80189-617-9,2007,F83,F83/18,94985
胜者为王 : 杰出新产品的产生,(美)罗伯特·库伯,华夏出版社,7-5080-2521-0,2001,F406.3,F406.3/3,94984
企业内部控制评价百分制法,唐立新,冶金工业出版社,978-7-5024-5759-4,2011,F270,F270/235,94973
面对面顾问式实战销售,周嵘,凤凰出版社,978-7-80729-845-8,2010,F713.3,F713.3/81,94970
金融学课程教学案例选编,边智群，李正旺，许传华,湖北人民出版社,978-7-216-09767-3,2019,F830,F830/136,9497
新编世界经济贸易地理. 第3版,"俞坤一, 马翠媛",首都经济贸易大学出版社,978-7-5638-0939-4,2008,F119.9,F119.9/1,94968
人才·第一资源 : 社会主义新农村建设经验选编,梁田庚主,中国农业科学技术出版社,978-7-80233-010-8,2006,F32,F32/8,94962
中国式管人16要诀,宗权,民主建设出版社,7-80112-721-8,2005,F279.23,F279.23/103,94960
北部湾新区 : 中国经济增长第四级,韩康等,中国财政经济出版社,978-7-5095-0118-4,2007,F299.276,F299.276/1,94955
质量技术监督管理,苏志明主,中国计量出版社,7-5026-1851-1,2003,F273.2,F273.2/43,94950
土地资源配置、利用效率与区域经济增长,李辉,中国矿业大学出版社有限责任公司,978-7-5646-4207-5,2018,F323.2,F323.2/3,9495
建设工程经济复习题集. 2版,本书委会写,中国建筑工业出版社,978-7-112-09014-3,2007,F407.9,F407.9/10,94945
每天学一点好玩经济学,赵文锴,中华工商联合出版社,978-7-80249-568-5,2010,F0-49,F0-49/33,94943
"后危机时代发展方式转型与改革 : 新兴经济体的新挑战、新角色、新模式 : new challenges, new roles and new models of emerging economies",迟福林，殷仲义主,华文出版社,978-7-5075-3031-5,2010,F11,F11/2,94934
推销人员必备全书,郭晓峰,中国纺织出版社,978-7-5064-6092-7,2010,F713.3,F713.3/97,94933
简明会计辞典,冯淑萍主,中国财政经济出版社,7-5005-5741-8,2002,F23-61,F23-61/1,94932
国有商业银行国有资本退出问题研究,汪昕宇,冶金工业出版社,978-7-5024-4510-2,2008,F832.33,F832.33/7,94930
细节营销,Willem Burgers,华夏出版社,7-5080-3511-9,2004,F713.50,F713.50/130,94925
市场经济概论. 2版,肖万春主,湖南大学出版社,978-7-81053-391-1,2003,F014.3,F014.3/3,94924
胜者为王 : 杰出新产品的产生,(美)罗伯特·库伯,华夏出版社,7-5080-2521-0,2001,F406.3,F406.3/3,94921
供应链管理从入门到精通,戚风,天津科学技术出版社,978-7-5576-7065-8,2019,F274,F274/424,9492
股王兵法之财富密码,宏皓,中国城市出版社,978-7-5074-2073-9,2009,F830.91,F830.91/159,94901
房地产经纪概论. 4版,张永岳，崔裴主,中国建筑工业出版社,978-7-112-09999-3,2008,F299.233.5,F299.233.5/15,94900
基金投资最常遇到的168个问题,王静,企业管理出版社,978-7-80197-842-4,2007,F830.59,F830.59/79,94895
《中国制造2025》重点领域技术创新绿皮书——-技术路线图. 2017,"国家制造强国建设战略咨询委员会,中国工程院战略咨询中心",电子工业出版社,978-7-121-33095-7,2018,F426.4,F426.4/58,9489
“土地整理与社会主义新农村建设”主题征文优秀作品集,高向军主,地质出版社,978-7-116-05655-8,2008,F321.1-53,F321.1-53/3,94888
选才的66条黄金法则,文光，宁川,中央编译出版社,7-80211-044-0,2005,F272.92,F272.92/148,94880
经济全球化下的国际货币协调,李海燕,冶金工业出版社,978-7-5024-4491-4,2008,F821.1,F821.1/2,94875
资产评估学,刘桂良，张彪,湖南人民出版社,7-5438-3048-5,2002,F20,F20/10,94874
财务会计习题集,贾永海主,中国商业出版社,7-5044-3417-5,1997,F234.4,F234.4/49,94871
金融专业知识与实务. 初级,张强主,中国人事出版社,978-7-80189-617-9,2007,F83,F83/18,94868
人力资源管理专业知识与实务. 初级,"董克用，朱勇国主,刘昕",中国人事出版社,978-7-80189-619-3,2007,F241,F241/48,94867
中国农民工,沈立人,民主与建设出版社,7-80112-699-8,2005,F323.6,F323.6/2,94861
能源工业革命 : 全球能源互联网简史,陈富强,浙江大学出版社,978-7-308-17937-9,2018,F416.2,F416.2/5,9486
初级会计专业技术资格考试大纲 : 初级会计实务 经济法基础,全国会计专业技术资格考试领导小组办公室制定,中国财政经济出版社,978-7-5005-7637-2,2004,F23-41,F23-41/2,94856
人本服务 : 日本黑猫宅急送成功秘诀,(日)小仓昌男,延边人民出版社,7-80698-098-9,2003,F279.3,F279.3/1,94854
国家现代农业产业园规划与方案编制方法及案例,付海英等,中国农业科学技术出版社,978-7-5116-3373-6,2018,F323,F323/18,9485
亿万市场 : 洞察中国新兴消费群,(美)唐锐涛(Tom Doctoroff),东方出版中心,978-7-80186-772-8,2008,F723.0,F723.0/4,94841
附加价值论 : 日本“股神”邱永汉的财富论,邱永汉,海南出版社,7-80564-853-0,1999,F131.34,F131.34/4,94838
市场营销调研,景奉杰主,高等教育出版社,7-04-008868-1,2001,F713.50,F713.50/128,94835
全球顶级企业通用的10种人力资源管理方法,宿春礼等,光明日报出版社,7-80145-777-3,2003,F272.92,F272.92/140,94834
会计基础与操作. 会计基础实务操作. 2版,柯于珍主,经济科学出版社,978-7-5141-9686-3,2018,F230,F230/382,9483
采购管理与库存控制. 2版,王槐林主,中国物资出版社,7-5047-1734-7,2004,F274,F274/111,94829
股指期货入门,陈鹏军，赵孟华主,经济日报出版社,978-7-80180-731-1,2007,F830.9,F830.9/36,94825
新编会计基础一本通. 4版,索晓辉主,中华工商联合出版社,978-7-80249-223-3,2010,F23,F23/42,94819
旅游线路设计,王颖，易兰兰主,中国农业科学技术出版社,978-7-5116-3712-3,2018,F590.63,F590.63/96,9481
行棋无悔,董明珠,珠海出版社,7-80689-547-7,2006,F426.6,F426.6/8,94800
国际贸易概论,葛正鹏主,中国水利水电出版社,978-7-5084-7799-2,2010,F740,F740/29,94796
系统动力学在财务管理中的应用,谢英亮[等],冶金工业出版社,978-7-5024-4734-2,2008,F275,F275/91,94793
MBA速成教程. 投资计划,(美)约翰·瓦格纳(John Waggoner),海南出版社,7-5443-0324-1,2002,F203.9,F203.9/15,94792
水利事业单位养老保险改革实践与探索,巩劲标，项新锋，尤建青主,中国水利水电出版社,978-7-5170-6872-3,2018,F842.6,F842.6/4,9479
杰克·韦尔奇如是说 : 世界上最伟大的商业领袖的聪明与智慧,(美)珍妮特·洛尔(Janet Lowe),海南出版社,7-80645-407-1,1999,F471.264,F471.264/3,94786
国际金融,刘舒年,中国对外经济贸易出版社,7-80004-579-X,1997,F831,F831/27,94783
人本服务 : 日本黑猫宅急送成功秘诀,(日)小仓昌男,延边人民出版社,7-80698-098-9,2003,F279.3,F279.3/1,94778
后金融危机时代美欧经济观察 : 2008-2017,余翔,中国财政经济出版社,978-7-5095-7845-2,2018,F125.571.2,F125.571.2/1,9477
比尔·盖茨如是说 : 世界上最伟大的企业家的聪明与智慧,(美)珍妮特·洛尔(Janet C.Lowe),海南出版社,7-80645-444-6,1999,F471.266,F471.266/9,94769
企业合理避税解决方案,侯立新,中国华侨出版社,978-7-80222-079-9,2006,F812.423,F812.423/31,94767
固定收益证券估值与分析,国际投资专业人士学习平台，瑞士投资专业人士培训中心，中国证券业协会,中国财政经济出版社,978-7-5095-8412-5,2018,F830.91,F830.91/757,9476
反经与中国式管理,耿煜,企业管理出版社,978-7-80197-589-8,2006,F279.23,F279.23/99,94751
老板只要结果,博阳，王强,朝华出版社,978-7-5054-2474-6,2010,F272.92,F272.92/143,94748
国际贸易实务,吴百福，周秉成,中国对外经济贸易出版社,7-80004-548-X,1997,F740.4,F740.4/42,94744
彝人圣都主题旅游区开发研究,田里，钟晖,中国旅游出版社,978-7-5032-6233-3,2019,F592.77,F592.77/4,9474
区域金融调控论,范祚军,人民出版社,978-7-01-006755-1,2008,F832.7,F832.7/2,94739
底线 : 通过人员与组织创造价值,[美]戴夫·乌尔里克(Dave Ulrich)，[美]诺姆·斯莫伍德(Norman Smaollwood),万卷出版公司,7-80601-643-0,2004,F272.9,F272.9/44,94725
税道溯源,蔡昌,中国财政经济出版社,978-7-5095-7516-1,2018,F812.42,F812.42/90,9472
英汉税收词汇,曾国祥等主,经济科学出版社,7-5058-3343-X,2003,F810.42-61,F810.42-61/1,94701
中华人民共和国国民经济和社会发展第十一个五年规划纲要学习问答,本书写组,人民出版社,978-7-01-005475-9,2006,F123.393,F123.393/3,94699
“加强专业化建设 提高采购服务质量”文集,中国人民银行集中采购中心,中国金融出版社,978-7-5220-0038-1,2019,F812.2,F812.2,9469
旅游学概论,王洪滨主,中国旅游出版社,7-5032-2426-6,2004,F590-43,F590-43/1,94688
系统动力学在财务管理中的应用,谢英亮[等],冶金工业出版社,978-7-5024-4734-2,2008,F275,F275/91,94684
西北区域经济发展蓝皮书. 甘肃卷,高新才，滕堂伟主,人民出版社,978-7-01-006849-7,2008,F127.4,F127.4/4,94667
积极计算 : 体验重塑科技未来 : technology for wellbeing and human potential,(澳)拉斐尔·A. 卡里罗(Rafael A. Calvo)，(澳)多利安·皮特斯(Dorian Peters),电子工业出版社,978-7-121-32897-8,2018,F062.4,F062.4/31,9466
山西票号研究,李永福,中华工商联合出版社,978-7-80193-589-2,2007,F832.9,F832.9/2,94657
公共基础考试辅导习题集 : 2008年版,许国庆主,中信出版社,978-7-5086-1121-1,2008,F830.4,F830.4/12,94632
控烟与中国烟草税制改革,张延辉,经济科学出版社,978-7-5141-9337-4,2018,F812.422,F812.422/51,9463
温州商人的眼光,汪力,北京工业大学出版社,978-7-5639-3103-3,2012,F715,F715/69,94626
金融科技行业发展与监管. 2018,张晓燕等,经济科学出版社,978-7-5141-9438-8,2018,F832,F832/47,9462
我一定要有钱,潘江祥,重庆出版社,978-7-229-02903-6,2010,F0-49,F0-49/31,94606
铁路运输生产力布局理论及应用,孙晚华，韩学雷,中国铁道出版社,7-113-06623-2,2005,F530.1,F530.1/1,94601
股市为什么会崩盘,迪迪埃·索尔内特(Didier Sornette),中国人民大学出版社,978-7-300-22709-2,2018,F830.91,F830.91/756,9460
战略现金流管理,(美)基思·切克利(K.Checkleg),华夏出版社,7-5080-3391-4,2004,F275.1,F275.1/17,94593
战略制胜,孙念怀,中国纺织出版社,7-5064-3349-4,2005,F272,F272/13,94590
信托理财轻松学 : 手握百万如何投资&怎样避开雷区陷阱,武跃强,北京航空航天大学出版社,978-7-5124-2881-2,2019,F830.59,F830.59/317,9459
速售 : “忙人”客户必杀技 : speed up sales and win more business with today`s frazzled customers,(美)吉尔·康耐斯(Jill Konrath),中华工商联合出版社,978-7-80249-573-9,2011,F713.3,F713.3/32,94586
股指期货入门与实战,李忠祥,经济科学出版社,978-7-5058-6470-2,2007,F830.9,F830.9/32,94585
中小企业做大做强的商道真经,靳会永,企业管理出版社,978-7-80255-179-4,2009,F276.3,F276.3/39,94584
生死之战 : 达能娃哈哈国际商战内幕,钱卫清,北京出版社,978-7-200-07616-5,2009,F279.443,F279.443/1,94579
你的老板是狼养的吗,"(美)杰拉尔德·格罗(Gerdd M. Groe),欧阳灵乙,李春艳",民主与建设出版社,7-80112-711-0,2005,F272.9,F272.9/30,94573
新阶段扶贫开发的探索与实践,刘坚主,中国财政经济出版社,7-5005-7909-8,2005,F124.7,F124.7/4,94570
总经理三大才气 : 交际·演讲·写作,金鸣，张敏主,北京出版社,7-200-05648-0,2004,F272.91,F272.91/42,94568
非常时期领导力,刘捷,北京出版社,978-7-200-07807-7,2009,F272.91,F272.91/41,94567
李嘉诚的24堂财富课,张笑恒,北京工业大学出版社,978-7-5639-2538-4,2010,F279.2,F279.2/12,94565
我国零售产业组织结构优化与政策,陈阿兴,中国对外经济贸易出版社,7-80181-246-8,2004,F724.2,F724.2/5,94561
建筑经济专业知识与实务辅导. 中级,本书写组写,中国发展出版社,7-80087-815-5,2005,F407.9,F407.9/9,94556
梦想的力量 : 华胜的经营哲学与修炼,徐军,机械工业出版社,978-7-111-60224-8,2018,F426.471,F426.471/16,9455
西方经济学(宏观部分)考研真题与典型题详解. 7版,圣才考研网主,中国石化出版社,978-7-5114-0273-8,2010,F015-44,F015-44/1,94517
电信营销 : 案例精选,匡斌,北京邮电大学出版社,7-5635-1097-4,2005,F626,F626/7,94515
逆势崛起 : 百年名企的危机生存之道,董文海,凤凰出版社,978-7-80729-499-3,2009,F279.1,F279.1/36,94514
请您走进人寿保险 : 人寿保险指南,李春旭,民主与建设出版社,7-80112-493-6,2002,F842.62,F842.62/2,94513
数字经济2000 : 美国电子商务最新报告《浮现中的数字经济之三》,(美)夏皮罗,国家行政学院出版社,7-80140-137-9,2000,F171.2,F171.2/3,94509
商业银行全面成本管理知识问答,黄世忠主,郑州大学出版社,7-81048-798-1,2003,F830.42,F830.42/10,94506
政府经济职能和体制改革,朱光华主,天津人民出版社,7-201-02362-4,1995,F113.1,F113.1/1,94501
世界名片 : 各国货币上的动物故事,谷丰，天乐,长虹出版公司,7-80063-109-5,2003,F821-49,F821-49/1,94500
新古典微观经济学的起源,逯建,经济科学出版社,978-7-5141-8311-5,2018,F091.34,F091.34/5,9450
市场经济概论. 2版,肖万春主,湖南大学出版社,978-7-81053-391-1,2003,F014.3,F014.3/3,94499
证券投资基金销售基础知识,中国证券业协会,中国财政经济出版社,978-7-5095-0822-0,2008,F830.91,F830.91/152,94495
牙好，身体就好,程真伟,新世界出版社,978-7-80228-596-5,2008,F78-49,F78-49/1,94494
英汉国际经贸、国际金融缩略语辞典,李福胜,中国工人出版社,7-5008-3416-0,2004,F74-61,F74-61/2,94493
超越型企业的十二个突破,李涛,吉林出版集团有限责任公司,978-7-5463-2772-3,2010,F270,F270/222,94491
呆伯特法则,(美)史考特·亚当斯(Scott Adams),贵州人民出版社,7-221-05920-9,2002,F270,F270/219,94484
财务管理与政策教程. 下册,"(美)詹姆斯·范霍恩(JamesC.VanHorne),宋逢明",华夏出版社,7-5080-2145-2,2000,F275,F275/88:2,94472
中国资本市场的制度缺陷,韩志国,经济科学出版社,7-5058-2507-0,2001,F832.51,F832.51/55,94470
勾引客户 : 吸引客户的N个最有效技巧,柴宝亭,武汉大学出版社,978-7-307-06167-5,2008,F274,F274/101,94461
北大名师：投资基金的N个最有效技巧,梅晓鹏,武汉大学出版社,978-7-307-05977-1,2007,F830.59,F830.59/69,94460
SAP及mySAP商务套件,胡险峰,东方出版社,978-7-5060-2503-4,2006,F270.7,F270.7/39,94458
2008年中国旅游发展分析与预测. 2008,张广瑞，刘德谦主,社会科学文献出版社,978-7-5097-0128-7,2008,F592.3,F592.3/4,94455
制造汽车销量 : 汽车差异化营销策略与技术,李欣禹,北京大学出版社,978-7-301-10545-0,2006,F407.4,F407.4/3,94447
民航运输企业审计,陈金星,中国民航出版社,978-7-80110-757-2,2006,F239.62,F239.62/1,94444
保险代理从业人员资格考试指导与习题(2010) : 《保险基础知识》、《保险中介相关法规制度汇编(1998-2009)》,《保险代理从业人员资格考试指导与习题(2010)》写组,中国财政经济出版社,978-7-5095-2009-3,2010,F840,F840/6,94441
网络营销原理,(美)沃德·汉森,华夏出版社,7-5080-2319-6,2001,F713.36,F713.36/122,94431
电子化政府采购理论探索与实践,杨玲，汤保金，宋熙文,中国财政经济出版社,978-7-5095-0093-4,2007,F812.2-39,F812.2-39/1,94428
卓越经营,戴一鸣,中国纺织出版社,7-5064-3947-6,2006,F276.6,F276.6/51,94427
新发展观宣言 : 破除政治经济学ABC的迷雾,刘福垣,新华出版社,7-5011-6546-7,2004,F0-0,F0-0/4,94425
原一平给推销员的十一个忠告 : 推销之神给你推销生涯的关键提醒 : 最新版,(日)原一平原,同心出版社,978-7-80593-856-1,2009,F713.3,F713.3/89,94424
经商从做人开始 : 香港超人李嘉诚的生意哲学与处世技巧,德川,企业管理出版社,978-7-80197-834-9,2007,F279.2,F279.2/11,94423
酒店培训管理实务,姜玲,广东经济出版社,978-7-80728-304-1,2006,F719.2,F719.2/35,94411
财务、会计、审计一体化模拟教程,刘桂良等,湖南人民出版社,7-5438-3553-3,2004,F275.2,F275.2/31,94409
新编工业企业财务管理,王左军，王为,民主与建设出版社,978-7-80112-737-2,2006,F406.72,F406.72/3,94403
忠告企业家 : 给民营企业的30条忠告,张冰,东方出版社,978-7-5060-2261-3,2007,F279.245,F279.245/12,94401
2002年形势与热点 : 迎接新世纪的挑战,对外贸易经济合作部国际贸易经济合作研究院,中国对外经济贸易出版社,7-80004-987-6,2002,F752,F752/4,94382
商业计划,"(美)帕特里克·福赛思(Patrick Forsyth),陈赋明",华夏出版社,7-5080-3348-5,2004,F272.2,F272.2/3,94379
卡位制胜战略,丁兴良,吉林出版集团有限责任公司,978-7-5463-3724-1,2010,F274,F274/51,94375
外汇投机交易,"张念, 艾万泽",四川民族出版社,7-5409-2531-0,2002,F830.92,F830.92/3,94367
商务谈判,赵素洁主,冶金工业出版社,978-7-5024-4662-8,2008,F715.4,F715.4/15,94353
市场调查与预测,姚增明，李爱民主,冶金工业出版社,978-7-5024-4715-1,2008,F713.52,F713.52/23,94352
增值税转型实用手册,财政部税政司,经济日报出版社,978-7-80180-557-7,2007,F812.4,F812.4/2,94346
家用电器商品知识,陈顺龙主,中国商业出版社,7-5044-3001-3,1996,F764.6,F764.6/2,94345
一对一B2B : 企业对企业世界的客户发展战略,[美]唐·佩珀斯(Don Peppers)，[美]马莎·罗杰斯(Martha Rogers),华文出版社,7-5075-1441-2,2003,F274,F274/96,94344
经济全球化与中国商务发展,辛承越,人民出版社,7-01-004748-0,2005,F72,F72/9,94328
中国公路行车及里程图集,本社,人民交通出版社,978-7-114-06065-6,2007,F512. 99,F512. 99/1,94326
中国铁路运输组织理论创新与实践,张曙光主,中国铁道出版社,978-7-113-09654-0,2009,F532.6,F532.6/1,94309
会计职业道德,项怀诚主,人民出版社,978-7-01-003874-2,2003,F233,F233/9,94302
蒙牛管理模式全集,梅晓鹏,武汉大学出版社,978-7-307-05447-9,2007,F426.82,F426.82/9,94289
投资有方 理财有道 : 一位旅美金融专家的心得,林羿,中国财政经济出版社,978-7-5095-1982-0,2010,F830.59-53,F830.59-53/1,94286
质量改进手册,[美]约翰·E.鲍尔等,中国城市出版社,7-5074-1558-9,2003,F273.2,F273.2/39,94284
GB/T 19011——2003《质量和(或)环境管理体系审核指南》理解与实施,刘卓慧主,中国标准出版社,7-5066-3222-5,2003,F273.2-65,F273.2-65/7,94282
企业全面风险管理论文集 : 2007,AARCM风险管理论文专家评审委员会,国际文化出版公司,978-7-80173-810-3,2008,F270-53,F270-53/6,94281
企业外包管理制度表单·文本,滕宝红，曹岘,广东经济出版社,7-80677-732-6,2004,F272.3,F272.3/9,94270
成功销售的秘诀 : 培养销售高手的20种实战技能,(英)科里斯蒂娜·撒斯(Kristina Susac),书海出版社,7-80550-651-5,2005,F713.3,F713.3/88,94263
"投资者手册. 第二辑, 创业板",陈共炎主,中国财政经济出版社,978-7-5095-2591-3,2010,F830.59,F830.59/66,94159
房地产估价案例与分析. 4. 2版,廖俊平，陆克华主,中国物价出版社,978-7-80155-229-7,2003,F299.23,F299.23/12,94147
怎样开儿童玩具店,朱菀执笔,中央广播电视大学出版社,978-7-304-04280-6,2009,F717.5,F717.5/5,94144
绩效管理系统研究,李业昆,华夏出版社,978-7-5080-4218-3,2007,F272.92,F272.92/118,94127
预测方法与应用. [2版],傅德印，刘晓梅等,中国统计出版社,7-5037-3561-9,2003,F270,F270/208,94116
经济改革思维 : 东欧俄罗斯经济学,程恩富等,当代中国出版社,7-80170-059-7,2002,F151.01,F151.01/1,94110
一个投机者的智慧. 2版,(匈)安德烈·科斯托拉尼(Andre Kostolany)，(德)约翰内斯·格劳斯(Joaness Gross),海南出版社,978-7-80645-922-5,2007,F830.91,F830.91/144,94097
"画说生意经. 6, 新经济新赢家",杨楚民,广东经济出版社,7-80677-082-8,2002,F715,F715/65,94087
小企业会计核算实务全书,张洪兵,新华出版社,7-5011-7350-8,2006,F276.3,F276.3/36,94065
中华老字号. 第六册,张庶平，张之君主,中国商业出版社,978-7-5044-5968-8,2007,F721,F721/2,94060
保险规章制度汇编. 2005,中国保险监督管理委员会,中国民主法制出版社,978-7-80219-090-0,2006,F842.3,F842.3/2,94059
中小企业经营财务分析,徐春立,天津人民出版社,7-201-04235-1,2003,F276.3,F276.3/34,94039
网上经商 : 机遇与陷阱,()费伊·萨德威克斯，()西莉亚·罗姆,天津人民出版社,7-201-03715-3,2001,F713.36,F713.36/113,94029
英汉  法汉财政金融词典,金立群主,今日中国出版社,7-5072-0968-7,2000,F8-61,F8-61/1,94025
广西壮族自治区及周边地区公路里程地图册. 4版,"地质出版社地图室, 北京天域北斗图书有限公司",地质出版社,978-7-116-04972-7,2010,F542.7,F542.7/5,94009
工商行政管理概论. 2版(修订本),王正卫,中央广播电视大学出版社,7-304-01770-8,1999,F203.9,F203.9/9,94007
改变世界的“垃圾”革命 : 论生态文明取代工业文明的必然性,刘向群，刘依群，刘铮,学苑出版社,978-7-5077-3391-4,2009,F124.5,F124.5/4,93999
管理经济学 : 用Excel辅助决策,戴庾先，陈斯星，唐雪梅,中国发展出版社,7-80087-860-0,2005,F270,F270/202,93998
高效激励·打造常青企业,杨和茂,中国铁道出版社,978-7-113-07710-5,2007,F272.92,F272.92/131,93985
劳资双赢 : 员工持股·经理层持股·期权计划操作指南,廖金泽,海天出版社,7-80654-679-0,2002,F271,F271/8,93976
现代企业经典管理表格1000例. 下,现代企业经典管理范本与表例研究中心,中国大地出版社,7-80097-559-2,2003,F270-64,F270-64/1:2,93971
现代企业经典管理表格1000例. 上,现代企业经典管理范本与表例研究中心,中国大地出版社,7-80097-559-2,2003,F270-64,F270-64/1:1,93970
我们的狂想 : 怎样经营一家体面而又赢利的小企业,(美)乔赖因·戈弗雷(JolineGodfrey),海南出版社,7-80645-805-0,2000,F276.3,F276.3/32,93950
MBA速成教程. 销售计划,"(美)乔伊·巴尔德里奇(Joy J.D.Baldridge),王宝泉,刘轶欧",海南出版社,7-5443-0407-8,2002,F203.9,F203.9/12,93941
跨国企业与世界新秩序 : 经济全球化的浪潮,(美)理查德·T.巴纳特(Richard J.Barnet)，(美)约翰·卡瓦纳(John Cavanagh),海南出版社,7-80645-337-7,1999,F113,F113/2,93939
马基雅维里教你做 : 《君王论》指导下的现代商业竞争 : 来自《君王论》的智慧,(英)亚历斯泰·麦克尔平(AlistairMcAlpine),海南出版社,7-80645-711-9,2000,F270,F270/200,93936
"汇率风险管理手册. 下, 外汇避险工具运用与政策指引",赵玲华，王林主,中国轻工业出版社,978-7-5019-5525-1,2006,F830.7,F830.7/1:2,93927
成功创业第1书,袁方,海南出版社,7-5443-0143-5,2002,F270,F270/199,93917
我们的狂想 : 怎样经营一家体面而又赢利的小企业,(美)乔赖因·戈弗雷(JolineGodfrey),海南出版社,7-80645-805-0,2000,F276.3,F276.3/32,93913
产业经济理论前沿. 二 : 西安交通大学26位博士的视角,文启湘主,社会科学文献出版社,978-7-5097-0393-9,2008,F062.9,F062.9/4:2,93912
开放催生“双城记”,程继隆,山东大学出版社,978-7-5607-3846-8,2009,F127,F127/9,93907
《中共中央 国务院关于促进农民增加收入若干政策的意见》干部读本,本书写组[],人民出版社,7-01-004288-8,2004,F320,F320/1,93901
管理的三个金苹果 : 有效提升企业扩张力,徐学明,中国纺织出版社,7-5064-3579-9,2006,F279.23,F279.23/88,93894
品牌代言 : 228个中外知名企业品牌代言全景报告,胡苗丹，赵璟慧,企业管理出版社,978-7-80197-688-8,2007,F279.1,F279.1/32,93890
运价管理 : 政策、现状、借鉴与分析,张光远，张冬生，王伟,中国市场出版社,7-80155-921-5,2005,F512.5,F512.5/1,93882
简单就是效率 : 简单有效的7种领导捷径,"张树勇, 刘恩鹏主",华文出版社,7-5075-1723-3,2004,F272.91,F272.91/36,93874
证券发行与承销过关必做2000题. 2版,圣才学习网主,中国石化出版社,978-7-80229-701-2,2009,F830.91,F830.91/140,93866
连锁超市经营管理师操作实务手册. 本部营运篇,周文等,湖南科学技术出版社,7-5357-3828-1,2003,F717.6,F717.6/14,93865
证券发行与承诺,证券业从业资格考试辅导小组,经济科学出版社,978-7-5058-7367-4,2008,F830.91,F830.91/139,93864
用普通股进行长期投资,(美)埃德加·史密斯，(美)约翰·穆迪,中国华侨出版社,978-7-5113-0015-7,2009,F830.91,F830.91/138,93863
宏观财务与会计准则,陈毓圭,经济科学出版社,978-7-5058-0544-6,1992,F234.4,F234.4/47,93848
旅游学,李天元主,高等教育出版社,7-04-010792-9,2002,F590,F590/18,93830
私募基金实战技巧,古易,地震出版社,978-7-5028-3231-5,2007,F832.48,F832.48/3,93822
道囷股市理论与实战,道囷,地震出版社,978-7-5028-3347-3,2008,F830.91,F830.91/137,93821
企业如何掌控现金流 : 现金流管理的方法与技巧,段九利,中国市场出版社,978-7-5092-0186-2,2007,F275.1,F275.1/15,93820
流通概论,夏春玉主,中央广播电视大学出版社,978-7-304-02260-0,2007,F713,F713/8,93816
财务报表分析,卫爱华主,冶金工业出版社,978-7-5024-4607-9,2008,F231.5,F231.5/19,93815
农业技术经济学. 2版,山东省烟台农业学校主,中国农业出版社,7-109-03267-1,1999,F303.2,F303.2/1,93797
统计学原理与农业统计,黑龙江省牡丹江农业学校主,中国农业出版社,7-109-03259-0,1999,F302.5,F302.5/1,93796
产品与服务策略,傅浙铭,南方日报出版社,7-80652-272-7,2004,F273.2,F273.2/35,93793
一定要知道“互联网 ”时代的大变革,刘景阳主,化学工业出版社,978-7-122-30931-0,2018,F49,F49/52,9379
政治经济学教材. 11版,蒋学模主,上海人民出版社,7-208-00135-9,2001,F0-0,F0-0/3,93787
新编股份制规范运作,纪尽善主,民主与建设出版社,7-80112-613-0,2004,F279.21,F279.21/6,93785
外资并购与国有企业资产重组,廖运凤,企业管理出版社,7-80197-110-8,2004,F279.244,F279.244/3,93784
应试指南. 审计. 4版,,人民出版社,978-7-01-004925-0,2009,F23,F23/34,93782
对策中国民营企业 : 中国民营企业管理变革之具体措施,李华刚,时事出版社,7-80009-944-X,2006,F279.245,F279.245/10,93774
有才能的总经理,"[英] 保罗·H.戴蒂(Paul H.Dainty), [英] 莫里恩·安德森(Moreen Anderson)",时事出版社,7-80009-503-7,1998,F272.9,F272.9/35,93772
首都金融安全知识宣传手册,北京市金融工作局[等],中国金融出版社,978-7-5049-5537-1,2010,F83-62,F83-62/1,93771
新编出口退(免)税实务操作与纳税节税手册,王春如,企业管理出版社,978-7-80197-651-2,2007,F812.424,F812.424/12,93770
透视繁荣 : 资产重估深处的忧虑,高善文,中国市场出版社,978-7-5092-0210-4,2007,F832.51,F832.51/47,93766
新股获利58招,陈盛，洪国圆,经济管理出版社,978-7-5096-1114-2,2010,F830.91,F830.91/135,93755
国际贸易市场经纪人,李林，冯佺光,东方出版社,978-7-5060-2884-4,2007,F74,F74/7,93747
关系创造价值 : 整合营销传播理论向度,卫军英,中国传媒大学出版社,978-7-81085-645-4,2006,F713.50,F713.50/111,93739
经济全球化条件下中国金融市场发展研究,陈漓高，邢成，杨新房主,人民出版社,7-01-005185-2,2005,F832.5,F832.5/8,93737
工商行政管理概论. 2版(修订本),王正卫,中央广播电视大学出版社,7-304-01770-8,1999,F203.9,F203.9/9,93736
全面客户体验(TCE) : 持续盈利的增长引擎,王成,广东经济出版社,7-80677-361-4,2003,F274,F274/86,93733
中国社会主义经济问题研究,薛暮桥,广东经济出版社,7-80632-281-7,1998,F120.2,F120.2/7,93725
经济全球化条件下中国金融市场发展研究,陈漓高，邢成，杨新房主,人民出版社,7-01-005185-2,2005,F832.5,F832.5/8,93724
小型／微型企业担保基金操作指南,(英)Sarah·格雷,经济科学出版社,7-5058-3056-2,2002,F830.56,F830.56/1,93715
聪明买基金,张文婷,安徽人民出版社,978-7-212-03129-9,2008,F830.59,F830.59/54,93714
价值营销 : 以公司成长与股东价值完美结合为基准的营销战略 : marketing strategies for corporate growth and shareholder value,Peter Doyle,企业管理出版社,978-7-80197-852-3,2008,F274,F274/85,93709
商务沟通教程,王慧敏,中国发展出版社,7-80087-826-0,2006,F715,F715/61,93705
企业会计模拟实习,栾淑彦主,华中科技大学出版社,7-5609-3221-5,2004,F275.2,F275.2/28,93701
证券投资分析,2010年证券业从业资格考试辅导丛书写组,中国财政经济出版社,978-7-5095-2281-3,2010,F830.91,F830.91/108,93700
管理培训前端 : 101个分析培训需求并获得结果的妙招 : 101 ways to analyze training needs and get results,(美)鲍勃·派克(Bob Pike)，(美)克里斯托弗·巴斯,上海远东出版社,7-80706-132-4,2005,F272.92,F272.92/126,93696
小故事妙管理 : 改变世界著名企业的管理思想,陈书凯,中国纺织出版社,7-5064-3215-3,2005,F279,F279/2,93694
自满的年代,(美)约翰·肯尼斯·加尔布雷斯(John Kenneth Galbraith),海南出版社,7-80645-804-2,2000,F171.2,F171.2/2,93683
市场 : 什么人主宰 什么人冒险 什么人受益 什么人赔钱,[美]马丁·迈耶(Martin Mayer),海南出版社,7-80645-624-4,2001,F837.125,F837.125/16,93680
企业成本管理前沿问题研究,刘红霞,中国工商出版社,978-7-80215-166-6,2008,F275.3,F275.3/10,93678
世纪兼并 : 美国最大产权交易商的制胜策略,(美)丹尼尔·卡德莱克(Danice Kadlec),华夏出版社,7-5080-2291-2,2001,F279.7,F279.7/1,93675
造物之前先造人 : 松下幸之助人才管理,迟双明,中国言实出版社,7-80128-449-6,2003,F431.366,F431.366/5,93672
中小企业WTO88问,联合国贸发会议/世界贸易组织国际贸易中心,企业管理出版社,978-7-80197-341-2,2006,F743,F743/14,93671
美国饭店安全防损管理,"(美)哈维·伯斯坦(Burstein, Harvey)",湖南科学技术出版社,7-5357-3991-1,2004,F719.2,F719.2/31,93668
企业财务管理学. 2版,何进日主,湖南人民出版社,7-5438-0605-3,1999,F275,F275/78,93667
经济管理工程学,"齐存田, 刘春泉主",中国经济出版社,7-5017-5949-9,2003,F2,F2/2,93665
再度崛起的数字经济 : 美国数字经济白皮书2002-2003合辑,美国商务部经济与统计管理局,企业管理出版社,7-80197-158-2,2004,F171.2,F171.2/1,93662
中国乡村财政与公共管理研究,宋洪远等,中国财政经济出版社,7-5005-7314-6,2004,F812.8,F812.8/2,93656
再度崛起的数字经济 : 美国数字经济白皮书2002-2003合辑,美国商务部经济与统计管理局,企业管理出版社,7-80197-158-2,2004,F171.2,F171.2/1,93655
禅的智慧 : 高效管理的源泉,王海伦,中国商业出版社,978-7-5044-6575-7,2009,F270,F270/191,93654
追涨与杀跌,彭麟,广东经济出版社,7-80632-726-6,2000,F832.5,F832.5/7,93649
公共经济学,陈劲松主,北京广播学院出版社,7-81085-420-8,2004,F062.6,F062.6/6,93648
餐厅服务,庞雪华主,中国物资出版社,7-5047-0381-8,1999,F719.3,F719.3/20,93646
吴敬琏专集,吴敬琏,山西经济出版社,7-80636-807-8,2005,F0-53,F0-53/6,93641
铁路运输企业会计,《铁路运输企业会计》委会[],中国铁道出版社,7-113-05870-1,2004,F530.68,F530.68/2,93633
品牌15步法则,曾朝晖,中华工商联合出版社,7-80193-165-3,2004,F273.2,F273.2/33,93618
股市经典理论市场量化实战技法,玄祖敏,地震出版社,978-7-5028-3126-4,2007,F830.91,F830.91/131,93615
领导干部任期经济责任审计及风险防范,雷雯，陈玉洁,企业管理出版社,7-80197-527-8,2006,F239.47,F239.47/1,93612
个人炒金快速入门,郭靖，陈玥,电子科技大学出版社,978-7-81114-737-7,2008,F830.94,F830.94/3,93609
股权分置改革操作实务与后股权分置时代,何如主,华夏出版社,978-7-5080-3860-5,2006,F279.246,F279.246/16,93608
特色小店赚大钱,深水鱼,地震出版社,978-7-5028-2638-3,2005,F717,F717/18,93596
沪深300股指期货：理论和实务,陶佶,中国发展出版社,978-7-80234-226-2,2008,F832.5,F832.5/6,93595
经典营销,林楠,地震出版社,7-5028-2680-7,2005,F713.50,F713.50/109,93594
商智 : 成语与管理,郑学益主,五洲传播出版社,978-7-5085-1078-1,2007,F270,F270/189,93579
质量环境职业健康安全一体化管理体系设计和实施培训教程 : ISO 9001:2000 ISO 14001:1996 OHSMS 18001,陈宝江，徐平国,中国标准出版社,7-5066-2999-2,2003,F273.2,F273.2/31,93576
企业会计准则理论与实务,本书写组編,经济科学出版社,978-7-5058-6214-2,2007,F279.23,F279.23/83,93573
治税经纬,王纪平,中国税务出版社,978-7-80235-300-8,2009,F812.7,F812.7/6,93570
城市规划对房地产开发的调控,王晓川,中国电力出版社,978-7-5083-4485-0,2006,F299.233,F299.233/7,93569
西方经济学,徐兆辉，付春雨，马乃辉主,首都经济贸易大学出版社,978-7-5638-1826-6,2010,F0,F0/75,93566
交通征稽文化,张润主,人民交通出版社,978-7-114-07338-0,2008,F542.5,F542.5/1,93554
左右企业命运的12大选择,付明喜,地震出版社,7-5028-2481-2,2005,F270,F270/188,93550
中国新基民必备全书,顾小华,中国戏剧出版社,978-7-104-02601-3,2007,F832.51,F832.51/43,93546
领导干部任期经济责任审计及风险防范,雷雯，陈玉洁,企业管理出版社,7-80197-527-8,2006,F239.47,F239.47/1,93544
GB/T 19001～2008标准理解应用与实践,张伟主,中国标准出版社,978-7-5066-5229-2,2009,F273.2,F273.2/29,93537
企业会计准则讲解 : 2008,《企业会计准则讲解》写组,新华出版社,978-7-5011-8740-9,2009,F279.23,F279.23/82,93535
股票指数期货投资指南,党剑主,南方出版社,7-80660-760-9,2003,F830.9,F830.9/29,93526
信贷业务标准化管理手册,徐伟宏主,中国言实出版社,7-80128-688-X,2005,F830.5,F830.5/4,93519
房地产经济专业知识与实务. 初级 : 2007年版,"柴强主,王学涵",中国发展出版社,978-7-80234-023-7,2007,F293.30,F293.30/8,93518
房地产经济专业知识与实务. 初级 : 2007年版,"柴强主,王学涵",中国发展出版社,978-7-80234-023-7,2007,F293.30,F293.30/8,93517
前厅接待与客房服务,曹红主,中国物资出版社,7-5047-1111-X,1999,F719.2,F719.2/30,93516
工商管理专业知识与实务. 初级,张堃主,辽宁人民出版社,978-7-205-06190-6,2007,F203.9,F203.9/11,93515
坐收渔利 : 开放式基金投资宝典,齐寅峰，胡晔华,首都经济贸易大学出版社,7-5638-0992-9,2002,F830.91,F830.91/128,93514
适时出击 : 短线买卖点的把握,陶〓拟,首都经济贸易大学出版社,7-5638-1000-5,2002,F830.91,F830.91/127,93511
汉英旅游服务实用手册 : 当代版,金惠康,广东旅游出版社,7-80653-666-3,2006,F719,F719/13,93510
新编著名企业规范管理范例,伊立,蓝天出版社,7-80158-372-8,2004,F279.1,F279.1/24,93509
现代企业战略管理,王新驰，陈耀主,中国商业出版社,7-5044-4546-0,2002,F270,F270/187,93504
当代中国石油安全研究,杨中强,中共中央党校出版社,978-7-5035-3576-5,2006,F426.22,F426.22/4,93499
南宋大航海时代,墨川,经济管理出版社,978-7-5096-0257-7,2008,F552.9,F552.9/1,93497
证券交易过关必做2000题. 2版,圣才学习网主,中国石化出版社,978-7-80229-700-5,2009,F830.91,F830.91/125,93492
物业管理概论,戴明来，高珂强主,山东科学技术出版社,978-7-5331-4755-6,2007,F293.33,F293.33/15,93489
WTO与中国工商管理干部读本,贾康等主,中国社会科学出版社,7-5004-3400-6,2002,F743,F743/11,93482
中国企改新谭,李炳炎,民主与建设出版社,7-80112-707-2,2005,F279.241,F279.241/8,93479
运输统计理论与方法,刘延平主,中国铁道出版社,7-113-06552-X,2005,F502,F502/2,93478
管理职员,(美)阿瑟·佩尔(ArthurR.Pell),辽宁教育出版社,7-5382-5529-X,1999,F272.91,F272.91/31,93467
让资源经济研究与应用融入社会,张文驹[],中国大地出版社,7-80097-606-8,2003,F124.5,F124.5/3,93464
旅游市场营销学,刘伟平，陈秋华主,中国旅游出版社,978-7-5032-2670-0,2005,F590.8,F590.8/5,93462
这样的员工以一当十,王宝莹,中国商业出版社,978-7-5044-5701-1,2006,F272.92,F272.92/120,93457
"名品盛宴 : 世界顶级名品完全时尚手册. 3, 武器类","时涛, 赵宏波",中国长安出版社,978-7-80175-750-0,2008,F76,F76/7,93452
证券投资基金过关必做2000题. 2版,圣才学习网主,中国石化出版社,978-7-80229-699-2,2009,F830.91,F830.91/123,93445
五大会计师行 : PWCGLOBAL KPMG EYI DELOITTE ANDERSEN,周年洋等,中国财政经济出版社,7-5005-6427-9,2003,F233.1,F233.1/1,93422
中国货币政策研究,李念斋,中国统计出版社,7-5037-4013-2,2003,F822.0,F822.0/4,93420
税收政策与中国经. 1版1次版,张伟,人民出版社,7-01-005791-5,2006,F812.422,F812.422/9,93414
税收政策与中国经. 1版1次版,张伟,人民出版社,7-01-005791-5,2006,F812.422,F812.422/9,93407
国际物流企业文化,范金魁，孙春华主,天津大学出版社,978-7-5618-2748-2,2008,F253,F253/10,93406
经济热点面对面. Ⅱ. II,任学安主,中国发展出版社,978-7-80234-274-3,2008,F120.2,F120.2/5,93405
非常股票的非常选择,李清明，杜伟锦，展海亮,民主与建设出版社,978-7-80112-807-2,2007,F830.91,F830.91/122,93404
谁在左右中国股市,水皮,社会科学文献出版社,7-80190-592-X,2005,F832.51,F832.51/41,93400
邮政行业实施2000版ISO 9001标准指南,邢伟主,中国标准出版社,7-5066-3306-X,2004,F616-65,F616-65/1,93395
市场营销理论与实务,汪长江，王又绳，陈杰主,北京工业大学出版社,7-5639-1429-3,2004,F713.50,F713.50/106,93379
绩效管理系统研究,李业昆,华夏出版社,978-7-5080-4218-3,2007,F272.92,F272.92/118,93378
中国税收政策前沿问题研究 : 2002,国家税务总局政策法规司,中国税务出版社,7-80117-609-X,2003,F812.422,F812.422/7,93376
建筑经济专业知识与实务. 初级,刘长滨，任宏主,中国人事出版社,978-7-80189-728-2,2008,F407.9,F407.9/6,93375
质量管理体系实施问答,"李春波, 谭复华",中国计量出版社,7-5026-1918-6,2004,F273,F273/26,93374
信贷业务标准化管理手册,徐伟宏主,中国言实出版社,7-80128-688-X,2005,F830.5,F830.5/4,93364
中外企业文化概览,关晓红主,石油工业出版社,7-5021-3641-X,2001,F279.1,F279.1/13,93353
网络狂飚 : 华尔街股市红与黑,周焕涛,山东人民出版社,7-209-02561-8,2000,F837.125,F837.125/15,93352
西方经济学辅导 : 宏观部分,主牛丽英,人民日报出版社,7-80153-967-2,2005,F091.3,F091.3/14,93351
西方经济学辅导 : 微观部分,主牛丽英,人民日报出版社,7-80153-967-2,2005,F091.3,F091.3/13,93350
审计学. 2版,李晋夷主,中国商业出版社,7-5044-3033-1,2000,F239.0,F239.0/36,93348
政府采购,中华人民共和国财政部国库司写,方正出版社,7-80107-899-3,2004,F812.45,F812.45/4,93347
地产大博弈 : 楼市的震荡与洗牌,纪永英,中国纺织出版社,978-7-5064-5558-9,2009,F299.233,F299.233/6,93344
手把手教你炒期货,杨成贤,经济科学出版社,978-7-5058-7043-7,2008,F830.9,F830.9/28,93343
证券投资基金销售基础知识,《证券投资基金销售人员从业考试习题》写组,中国财政经济出版社,978-7-5095-1246-3,2009,F830.91,F830.91/120,93339
企业财务管理实务 : 图解版,陈企盛,中国纺织出版社,7-5064-3829-1,2006,F275,F275/77,93338
GB/T19581-2004《信息技术 会计核算软件数据接口》实施指南,王智玉主,中国标准出版社,7-5066-3792-8,2005,F232-65,F232-65/1,93336
企业信息化集成管理 : 理论与案例,傅湘玲,北京邮电学院出版社,7-5635-1223-3,2006,F270.7,F270.7/32,93332
新编ISO9001质量体系文件大全. 下,文放怀,广东经济出版社,978-7-80728-251-8,2006,F273.2,F273.2/27:2,93327
新编ISO9001标准理解与应用,文放怀,广东经济出版社,978-7-80728-251-8,2006,F273.2,F273.2/27:1,93326
审计,杨闻萍主,中国财政经济出版社,978-7-5095-1355-2,2009,F239.0,F239.0/35,93322
质量检验试验与统计技术,肖诗唐等主,中国计量出版社,7-5026-1523-7,2001,F273.2,F273.2/26,93320
质量检验试验与统计技术,肖诗唐等主,中国计量出版社,7-5026-1523-7,2001,F273.2,F273.2/26,93308
项目管理的运作与实施,韩美清，王自强主,中国标准出版社,978-7-5066-4186-9,2006,F224.5,F224.5/21,93307
制药业的真相,(美)玛西娅·安吉尔(Marcia Angell),北京师范大学出版社,978-7-303-07936-0,2006,F416.7,F416.7/2,93302
西方经济学简明教程,吴现立，孙江超，李书进主,北京工业大学出版社,7-5639-1578-8,2005,F0,F0/73,93299
GB/T2828.1——2003《计数抽样检验程序 第1部分：按接收质量限(AQL)检索的逐批检验抽样计划》理解与实施,肖惠，张玉柱主,中国标准出版社,7-5066-3328-0,2003,F273.2,F273.2/25,93289
工商行政管理概论. 2版(修订本),王正卫,中央广播电视大学出版社,7-304-01770-8,1999,F203.9,F203.9/9,93283
云南及周边地区公路里程地图册,,地质出版社,978-7-116-04973-4,2007,F542.7,F542.7/4,93279
河北及周边地区公路里程地图册. 3版,地质出版社地图室，北京天域北斗图书有限公司,地质出版社,978-7-116-05037-2,2009,F542.7,F542.7/3,93278
中国高速公路及城乡公路网地图集. 8版,丁新华主,山东省地图出版社,978-7-80532-486-9,2008,F542.7,F542.7/2,93277
炒股要有新招 : 股票投资新概念,孙广伟,华文出版社,7-5075-0930-3,1999,F830.9,F830.9/27,93268
2006-2007管理软件选型手册,季献忠主,电子工业出版社,7-121-03208-2,2006,F724.7,F724.7/3,93267
会计从业资格考试辅导教材. 应试指南及习题集,会计从业资格考试辅导教材委会,立信会计出版社,978-7-5429-1641-9,2006,F23,F23/29,93264
会计基础,会计从业资格考试辅导教材委会[],立信会计出版社,978-7-5429-1641-9,2006,F230,F230/124,93263
会计从业资格考试辅导教材. 应试指南及习题集,会计从业资格考试辅导教材委会,立信会计出版社,978-7-5429-1641-9,2006,F23,F23/29,93261
寻找中国股市的超级大牛股 : 彼得·林奇选股方法在中国股市应用实战教程,金益,地震出版社,978-7-5028-3314-5,2008,F830.91,F830.91/114,93259
品牌资产管理,(美)大卫·爱格,内蒙古大学出版社,7-81074-556-5,2003,F273.4,F273.4/8,93256
酒店财务管理实务,赵英林，李梦娟,广东经济出版社,978-7-80728-374-4,2006,F719.2,F719.2/27,93254
翰林兄弟和欧瑞莲 : 瑞典天然化妆品王国的创业传奇,(瑞典)比约恩·艾德斯塔(Bjorn Edsta),中国建材工业出版社,978-7-80227-540-9,2009,F453.267,F453.267/1,93252
当代中国石油安全研究,杨中强,中共中央党校出版社,978-7-5035-3576-5,2006,F426.22,F426.22/4,93243
快递争霸战,韦灯明,东方出版社,7-5060-2128-5,2005,F632,F632/1,93241
电子商务物流管理实验教程,张铎主,高等教育出版社,978-7-04-020344-8,2006,F713.36,F713.36/109,93239
中国式营销,刘春雄，金焕民,企业管理出版社,978-7-80255-177-0,2009,F723.0,F723.0/2,93237
酒店财务管理实务,赵英林，李梦娟,广东经济出版社,978-7-80728-374-4,2006,F719.2,F719.2/27,93236
全球化之道 : 全球公共产品的提供与管理,(美)英吉·考尔(Inge Kaul)等,人民出版社,7-01-005922-5,2006,F062.6,F062.6/5,93233
沪深300股指期货：理论和实务,陶佶,中国发展出版社,978-7-80234-226-2,2008,F832.5,F832.5/6,93227
中国企业发展报告. 2004,张彦宁，孙树义主,企业管理出版社,7-80197-107-8,2004,F279.2,F279.2/4,93221
全国注册咨询工程师(投资)执业资格考试一本通. 上册 : 2010建材版,杜翠霞主,中国建材工业出版社,978-7-80227-649-9,2010,F830.59,F830.59/51:1,93220
汽车行业ISO/TS 16949: 2002标准咨询指南,魏万鹏主,中国标准出版社,978-7-5066-4460-0,2007,F407.4,F407.4/2,93217
香港特别行政区政府采购招标与国际规则,刘凤海，刘宏主,兵器工业出版社,7-80172-524-7,2005,F812.7,F812.7/4,93208
行政政法财务和资产管理工作手册,财政部行政政法司,中国财政经济出版社,978-7-5095-2905-8,2011,F812.2,F812.2/3,93204
危机将持续多久,(美)罗慰年(William Luo)，吴垠,中国纺织出版社,978-7-5064-5556-5,2009,F113.7,F113.7/2,93202
征信与现代社会,王敏主,新华出版社,978-7-5011-7666-3,2006,F832.4,F832.4/5,93201
江浙沪地图集,庄树森，张志豪主,山东省地图出版社,978-7-80532-876-8,2007,F542.7,F542.7/1,93198
中国卡车司机地图集,庄树森，张志豪主,山东地图出版社,978-7-80532-848-5,2006,F512.99,F512.99/2,93197
中国物流配货及货运专线地图集. 3版,,山东省地图出版社,978-7-80532-973-4,2009,F512.99,F512.99/1,93196
